name,sex
aba,K
abaca,K
abacan,K
abaç,K
abay,E
abayhan,E
abaza,K
abbas,E
abdal,E
abdi,E
abdullah,E
abdurrahman,E
abdülalim,E
abdülazim,E
abdülaziz,E
abdülbaki,E
abdülbari,E
abdülbasir,E
abdülbasit,E
abdülcabbar,E
abdülcebbar,E
abdülcelil,E
abdülcemal,E
abdülcevat,E
abdülezel,E
abdülferit,E
abdülfettah,E
abdülgaffar,E
abdülgaffur,E
abdülgafur,E
abdülgani,E
abdülhadi,E
abdülhak,E
abdülhakim,E
abdülhalik,E
abdülhalim,E
abdülhamit,E
abdülkadir,E
abdülkahhar,E
abdülkerim,E
abdüllatif,E
abdülmecit,E
abdülmelik,E
abdülmennan,E
abdülmetin,E
abdülnasır,E
abdülvahap,E
abdülvahit,E
abdürrahim,E
abdürrahman,E
abdürrauf,E
abdürreşit,E
abdürrezzak,E
abdüssamet,E
abdüssami,E
abdüsselam,E
abdüssemi,E
abdüssettar,E
abdüzzeki,E
abgül,K
abher,K
abıhayat,K
abır,E
abıru,K
abid,E
abide,K
abidin,E
abil,E
abir,E
abit,E
abiye,K
ablak,E
abraş,E
abruy,K
abuşka,E
abuzer,E
abuzettin,E
acabay,E
acabey,E
ağabay,E
ağcabey,E
akabay,E
akabey,E
akçabay,E
alabaş,E
alabay,E
alabegim,K
alabegüm,K
alabezek,K
almabanu,K
anabacı,K
anabörü,K
atabay,E
atabek,E
atabey,E
atabörü,E
ayaba,K
babacan,E
babaç,E
babayiğit,E
babür,E
babürşah,E
balaban,E
cabbar,E
cabir,E
çaba,E
çabar,E
farabi,E
gültab,K
hicabi,E
isabet,K
kabadayı,E
kaban,E
kabil,E
kamertab,K
karabaş,E
karabatak,E
karabay,E
karabet,E
karabey,E
karaboğa,E
karabörü,E
karabudun,E
karabuğday,E
karabuğra,E
karabulut,E
karabükey,E
karacabey,E
kayrabay,E
kocabaş,E
kocabey,E
mehabet,K
muhabbet,K
nabi,E
nabia,K
nabiye,K
necabet,E
necabettin,E
nursabah,K
nuşabe,K
olcabay,E
rabbani,E
rabi,E
rabia,K
rabih,E
saba,U
sabah,U
sabahat,K
sabahattin,E
sabahnur,K
sabar,E
sabbar,U
sabıka,K
sabır,K
sabih,E
sabiha,K
sabir,U
sabire,K
sabit,E
sabite,K
sabiye,K
sabri,E
sabrinnisa,K
sabriye,K
sabur,E
sabutay,E
sahabi,E
sarıcabay,E
şaban,E
şahabettin,E
tabende,K
tabgaç,E
türabi,E
yabalak,E
yaban,E
yabar,E
yabgu,E
yabız,E
yalabuk,E
yalazabay,E
zabit,E
zeynelabidin,E
aca,E
acahan,E
acar,U
acaralp,E
acarbegüm,K
acarbey,E
acarbike,K
acarbüke,K
acarer,E
acarhatun,K
acarkan,U
acarkatun,K
acarman,E
acaröz,E
acarsoy,E
acartürk,E
acatay,E
acıdaş,E
aclan,E
acun,E
acunal,E
acunalan,E
acunalp,E
acunbegim,K
acunbegüm,K
acunbike,K
acunbüke,K
acuner,E
acungüneş,K
acunışık,K
acunman,E
acunseven,E
aça,K
açalya,K
açangül,K
açelya,K
açıkalın,E
açıkel,E
açıker,E
açıkgün,E
açıl,E
açılay,K
açine,E
açkıngül,K
adahan,E
adak,U
adal,U
adalan,E
adalet,K
adalettin,E
adam,E
adamış,E
adanan,E
adanır,U
adar,U
adarkan,E
adasal,E
adaş,E
aday,E
adeviye,K
adıbelli,U
adıgün,E
adıgüzel,U
adın,E
adısanlı,E
adısönmez,E
adışah,K
adıvar,E
adıyahşi,E
adıyaman,E
adil,E
adile,K
adilhan,E
adlan,E
adlı,E
adlığ,E
adli,E
adnan,E
adni,E
adniye,K
adsız,E
adsoy,E
adviye,K
afacan,E
afak,U
afer,E
afet,K
affan,U
afi,K
afif,E
afife,K
afitap,K
afiye,K
afiyet,K
afra,K
afşar,E
afşin,E
agah,E
agil,E
aguş,K
ağa,E
ağacan,E
ağahan,E
ağahanım,K
ağahatun,K
ağakan,E
ağakatun,K
ağan,U
ağanbegim,K
ağanbegüm,K
ağanbike,K
ağanbüke,K
ağaner,E
ağaoğlu,E
ağar,E
ağarantan,E
ağaverdi,E
ağbacı,K
ağbegim,K
ağbegüm,K
ağbet,K
ağbilek,K
ağca,U
ağça,K
ağçelik,E
ağer,E
ağgül,K
ağın,E
ağırtaş,E
ağış,U
ağkız,K
ağnak,E
ağyar,E
ahen,E
ahenk,K
ahfeş,E
ahıska,E
ahi,E
ahmet,E
ahsen,U
ahter,U
ahu,K
aişe,K
ajda,K
ajlan,E
ak,K
aka,E
akad,E
akadlı,E
akağan,E
akal,E
akalan,E
akalın,U
akalp,E
akaltan,E
akan,E
akanay,U
akaner,E
akansu,E
akant,E
akanyıldız,E
akarca,E
akarçay,E
akarsel,E
akarsu,U
akartuna,E
akartürk,E
akasma,E
akasoy,E
akata,E
akatay,E
akay,U
akaydın,E
akbacı,K
akbal,U
akbaran,E
akbaş,E
akbaşak,U
akbatu,E
akbatur,E
akbay,E
akbayar,E
akbek,E
akbel,E
akbet,E
akbey,E
akbil,E
akbilge,E
akboğa,E
akbora,E
akboy,E
akbörü,E
akbudun,E
akbuğ,E
akbulut,E
akburak,E
akburç,E
akburçak,E
akcan,U
akcebe,E
akcivan,E
akça,U
akçael,E
akçagül,K
akçakan,E
akçakaya,E
akçakıl,E
akçakoca,E
akçal,E
akçalı,E
akçam,E
akçan,E
akçasu,U
akçay,E
akçer,E
akçığır,E
akçıl,U
akçınar,E
akçiçek,K
akçit,E
akçora,E
akdağ,E
akdal,E
akdamar,E
akdemir,E
akdeniz,E
akdes,U
akdik,E
akdiken,E
akdil,E
akdoğ,E
akdoğan,E
akdoğdu,E
akdoğmuş,E
akdoğu,E
akdolun,K
akdora,E
akdoru,E
akdoruk,E
akdöl,E
akduman,E
akdur,E
akdurmuş,E
akel,U
aker,E
akergin,E
akerman,E
akersan,E
akersoy,E
akgil,E
akgiray,E
akgöl,E
akgöze,E
akgüç,E
akgül,K
akgün,E
akgündüz,E
akgüner,E
akgüneş,U
akgüngör,U
akhan,E
akhanım,K
akhun,E
akı,E
akıalp,E
akıl,E
akılbek,E
akıllı,E
akıman,E
akın,E
akınal,E
akınalp,E
akıncı,E
akıncıbay,E
akıner,E
akıneri,E
akıntan,E
akibe,K
akide,K
akif,E
akife,K
akil,E
akile,K
akinci,K
akip,E
akipek,K
akkadın,K
akkan,E
akkar,K
akkaş,E
akkaya,E
akkaynak,E
akkemik,E
akkerman,E
akkılıç,E
akkın,E
akkız,K
akkor,K
akköz,E
akkurt,E
akkuş,E
akkutlu,K
akkuyaş,E
aklan,E
akmaç,E
akman,E
akmanalp,E
akmaner,E
akmaral,K
akmeriç,E
aknur,K
akol,K
akozan,E
akönder,E
akören,E
aköz,E
akpay,E
akpınar,U
akpolat,E
akpulat,E
aksal,E
aksan,E
aksarı,K
aksay,E
aksel,U
aksen,K
akser,E
akses,U
akseven,K
aksevil,K
aksın,U
aksoy,U
aksöğüt,E
aksu,U
aksun,E
aksuna,K
aksunar,E
aksuner,E
aksungur,E
aksülün,K
aksüyek,U
akşın,E
akşit,E
aktaç,U
aktalay,E
aktan,E
aktar,E
aktaş,E
aktay,E
aktekin,E
aktemür,E
aktı,E
aktimur,E
aktolga,E
aktolun,K
aktuğ,E
aktuna,U
aktunç,E
aktün,E
aktürk,E
akün,U
akünal,E
akvarol,E
akyel,E
akyıldız,U
akyiğit,E
akyipek,K
akyol,E
akyön,E
akyurt,E
akyürek,E
akyüz,E
ala,U
alaaddin,E
alaca,E
alacan,E
alaçam,E
alaçuk,E
aladoğan,E
alageyik,K
alagöz,K
alagün,K
alahan,E
alakız,K
alakoç,E
alakurt,E
alakuş,U
alamet,E
alan,E
alanalp,E
alanay,E
alanbay,E
alaner,E
alangoya,K
alangu,E
alanur,K
alapınar,K
alat,E
alatan,E
alataş,E
alatay,E
alay,E
alaybey,E
alayunt,K
alaz,U
albayrak,E
albeni,K
albora,E
alburak,E
alcan,E
alçık,E
alçın,E
alçınsu,E
alçiçek,K
alçin,K
aldemir,E
aldeniz,K
aldoğan,E
alem,E
alemdar,E
alemşah,K
alemşah,U
alemtap,K
alev,K
alevnaz,K
algan,E
algın,E
algış,K
algu,E
algun,E
algur,E
algül,K
algün,U
alhan,E
alıcı,E
alım,K
alımlı,K
alıncak,K
alışık,U
alışın,K
ali,E
alican,E
alihan,E
alika,K
alim,E
alime,K
alipek,K
alisa,K
alise,K
aliş,E
alişah,E
alişan,E
aliyar,E
aliye,K
alkan,U
alkaş,E
alkılıç,E
alkım,U
alkın,E
alkış,E
alkoç,E
alkor,U
alköz,K
alkun,E
allahverdi,E
allı,K
allıkız,K
almagül,K
almıla,U
almila,K
almile,K
almula,K
alnar,E
alnıaçık,E
alnıak,E
alp,E
alpagu,E
alpağan,E
alpak,E
alpar,E
alparslan,E
alpartun,E
alpaslan,E
alpat,E
alpata,E
alpay,E
alpaydın,E
alpayer,E
alpbilge,E
alpçetin,E
alpdemir,E
alpdoğan,E
alper,E
alperen,E
alpergin,E
alpermiş,E
alpertunga,E
alpgiray,E
alphan,E
alpkan,E
alpkanat,E
alpkartal,E
alpkın,E
alpkutlu,E
alpkülük,E
alpman,E
alpnur,K
alpoğan,E
alpsoy,E
alpsü,E
alptekin,E
alptoğan,E
alptuğ,E
alpyürek,E
alpyürük,E
alsan,U
alsancak,E
alsevin,K
alsoy,U
alsu,K
altaç,U
altan,U
altaner,E
altaş,E
altav,E
altay,E
altemür,E
alten,E
altın,U
altınay,U
altınbaran,E
altınbaş,E
altınbaşak,K
altınbay,E
altınbike,K
altınçiçek,K
altındal,K
altınel,E
altıner,E
altıngül,K
altınhan,E
altınhanım,K
altınhatun,K
altınışık,U
altınışın,U
altıniz,U
altınkaya,E
altınkılıç,E
altınkız,K
altınnur,K
altınok,E
altınöz,E
altınsaç,K
altınsoy,E
altıntaç,U
altıntaş,E
altıntop,E
altıntuğ,E
altoğan,E
altop,E
altuğ,E
altun,E
altuna,E
altunay,E
altunbaş,E
altuncan,K
altunç,E
altunçağ,E
altuner,E
altunhan,E
altuntaş,E
alyipek,K
amaç,E
amanullah,E
amber,K
amil,E
amile,K
amine,K
amir,E
amiran,K
amire,K
amre,K
anadolu,E
anahanım,K
anakadın,K
anakız,K
anar,K
anargül,K
anber,K
ancı,E
ançıbay,E
andaç,U
andak,E
andelip,U
andıç,E
andiç,E
angı,E
angıl,E
angın,U
angış,E
angıt,E
anı,E
anık,E
anıl,U
anıt,E
anka,K
anlı,E
annak,E
ant,E
apa,E
apak,E
apakhan,E
apaydın,E
aracı,E
arafat,E
aral,U
aran,U
aras,E
arat,E
araz,U
arbaş,E
arbay,E
arbek,E
arca,E
arcan,E
arda,U
ardahan,E
ardemir,E
ardıç,E
ardıl,E
arefe,K
arel,E
arer,E
argana,K
argın,E
argu,E
arguç,E
argüden,E
argüder,E
argün,E
arhan,E
arı,U
arıbal,E
arıbaş,E
arıboğa,E
arıca,E
arıcan,U
arıç,U
arıel,U
arıer,E
arığ,E
arıhan,E
arık,E
arıkal,E
arıkan,E
arıkboğa,E
arıker,E
arıkhan,E
arıkiz,E
arıkol,E
arıkut,E
arıl,E
arıman,E
arın,U
arınç,U
arınık,E
arıpınar,U
arısal,E
arısan,E
arısoy,E
arısu,U
arış,E
arıtan,E
arıtaş,E
arıyüz,E
ari,E
arif,E
arife,K
arik,E
arkadaş,E
arkan,E
arkay,K
arkın,U
arkış,E
arkoç,E
arkun,E
arkut,E
arlan,E
armağan,U
arman,U
armanç,K
arna,E
arol,E
arpad,E
arpağ,E
arpak,E
arpınar,E
arsal,U
arsan,E
arslan,E
arslaner,E
arsoy,E
artaç,E
artam,E
artan,E
artık,E
artuç,E
artuk,E
artun,E
artunç,E
artut,E
aru,U
arukan,E
arukız,K
aryüz,E
arzık,E
arziye,K
arzu,K
arzugül,K
arzuhan,K
arzum,K
asaf,E
asal,E
asalbegim,K
asalbegüm,K
asalet,U
asan,E
asan,K
asena,K
asfer,K
ası,E
asıf,E
asılbanu,K
asılgül,K
asım,E
asıma,K
asil,E
asile,K
asime,K
asimegül,K
asiye,K
aslan,E
aslaner,E
aslanhan,E
aslı,K
aslıbey,E
aslıgül,K
aslıhan,U
aslım,K
aslınur,K
asliye,K
asma,K
asri,E
asu,U
asude,K
asuman,K
asutay,E
asya,K
asye,K
aşa,K
aşan,E
aşcır,E
aşır,E
aşina,K
aşir,E
aşkan,E
aşkım,K
aşkın,U
aşkınay,E
aşkıner,E
ata,E
ata,E
ataan,E
atacan,E
ataç,E
atadan,E
ataergin,E
atagül,K
atagün,E
atahan,E
atak,E
atakan,E
ataker,E
atakul,E
atakurt,E
atakut,E
atalan,E
atalay,E
atalmış,E
ataman,E
atambay,E
atamer,E
atamtürk,E
ataner,E
atanur,U
ataol,E
ataöv,E
atasagun,E
atasan,E
atasay,E
atasev,E
ataseven,E
atasever,E
atasevin,E
atasoy,E
atasü,E
atatöre,E
atatuğ,E
atatüre,E
atatürk,E
ataullah,E
ataün,E
atay,E
ateş,E
atfi,E
atgun,E
atıf,E
atıfa,K
atıfe,K
atıl,E
atılay,U
atılgan,E
atız,E
atik,E
atila,E
atilla,E
atime,K
atiye,K
atlan,E
atlas,K
atlı,E
atlığ,E
atlıhan,E
atmaca,E
atom,E
attila,E
atuf,E
avar,E
avcı,E
avhan,E
avkan,E
avni,E
avniye,K
avşar,E
avunç,U
ay,U
aya,K
ayaça,K
ayal,K
ayalp,E
ayaltın,U
ayana,K
ayanç,E
ayanfer,K
ayas,U
ayasun,K
ayaşan,K
ayata,E
ayataç,U
ayaydın,E
ayaz,E
aybala,K
aybanu,K
aybar,E
aybars,E
aybaş,E
aybay,E
aybegim,K
aybegüm,K
aybek,E
ayben,K
aybeniz,K
ayberk,E
aybet,K
aybey,E
aybige,K
aybike,K
aybir,K
aybirgen,K
ayboğa,E
aybora,E
aybüge,K
aybüke,K
ayca,K
aycagül,K
aycahan,K
aycan,U
aycennet,K
ayceren,K
aycıl,E
aycihan,E
ayça,K
ayçağ,K
ayçetin,E
ayçıl,K
ayçiçek,K
ayçil,K
ayçolpan,K
ayçulpan,K
ayda,K
aydagül,K
aydan,K
aydanarı,K
aydanur,K
aydar,U
aydemir,E
aydeniz,U
aydenk,K
aydın,U
aydınalp,E
aydınay,U
aydınbay,E
aydınbey,E
aydınel,E
aydıner,E
aydınol,E
aydıntan,E
aydıntuğ,E
aydınyol,E
aydil,K
aydilek,K
aydinç,U
aydoğan,U
aydoğdu,E
aydoğmuş,E
aydolu,K
aydolun,U
aydonat,E
ayduru,K
ayet,E
ayetullah,E
ayfer,K
ayferi,K
ayferim,K
aygen,K
aygerim,K
aygök,K
aygöl,K
aygönenç,K
aygönül,K
aygut,E
aygutalp,E
aygül,K
aygüler,K
aygülhan,K
aygümüş,K
aygün,U
aygüner,E
aygünkız,K
aygür,K
aygüzel,K
ayhan,U
ayhanım,K
ayhatun,K
ayık,E
ayım,K
ayımbet,K
ayımşa,K
ayışığı,K
ayışını,K
ayilkin,K
aykaç,E
aykal,U
aykan,U
aykaş,K
aykatun,K
aykın,E
aykız,K
aykönül,K
aykul,E
aykurt,E
aykut,U
aykutalp,E
aykutlu,E
aykün,K
ayla,K
aylan,U
aylanur,K
aylin,K
ayman,E
aymaral,K
aymelek,K
aymete,E
aymutlu,E
ayna,K
aynagül,K
aynıfer,K
aynımah,K
ayni,E
aynisa,K
aynişah,K
ayniye,K
aynur,K
aypar,E
aypare,K
aypars,E
ayperi,K
aypınar,K
aypolat,E
ayral,U
ayrıl,E
aysal,U
aysan,U
aysel,K
ayselen,K
aysema,K
aysen,K
ayser,K
aysere,K
ayseren,K
aysev,U
ayseven,K
aysever,E
aysevil,K
aysevim,K
aysevin,E
aysılu,K
aysın,U
aysim,K
aysima,K
aysine,K
aysoy,U
aysu,U
aysuda,K
aysultan,K
aysun,U
aysuna,K
aysunar,U
aysunay,K
aysungur,E
aysü,E
ayşan,U
ayşe,K
ayşecan,K
ayşedudu,K
ayşegül,K
ayşehan,K
ayşen,K
ayşenur,K
ayşıl,K
ayşın,K
ayşim,K
ayşin,K
ayşirin,K
ayşöhret,K
aytaç,U
aytan,U
aytar,E
aytek,U
aytekin,E
aytemiz,U
aytemur,E
ayten,K
ayterim,K
aytış,E
aytigin,E
aytimur,E
aytirim,K
aytok,E
aytolun,U
aytop,U
aytöre,U
aytöz,K
aytuğ,U
aytuna,U
aytunca,E
aytunç,E
aytunga,E
aytutkun,K
aytül,K
aytün,U
aytürk,U
ayulduz,K
ayülger,K
ayülker,K
ayün,E
ayvaz,E
ayver,K
ayverdi,U
ayyalap,K
ayyalın,K
ayyarkın,U
ayyaruk,U
ayyıldız,U
ayyuca,K
ayyüce,U
ayyüz,K
ayzıt,K
ayzühre,K
azade,K
azadi,E
azam,E
azamet,E
azamettin,E
azat,E
azelya,K
azer,U
azim,E
azime,K
aziz,E
azize,K
azmi,E
azmidil,K
azmun,E
aznavur,E
azra,K
azrak,E
azze,K
bacı,K
bade,K
badegül,K
badiye,K
bağatur,E
bağdaç,E
bağdagül,K
bağdaş,E
bağır,E
bağış,E
bağışhan,E
bağlan,K
baha,E
bahadır,E
bahadırhan,E
bahai,E
bahar,K
bahattin,E
bahir,E
bahise,K
bahri,E
bahriye,K
bahşı,E
bahtınur,K
bahtıser,K
bahtışen,K
bahti,E
bahtiyar,U
bakanay,U
bakır,E
bakırhan,E
baki,E
bakinaz,K
bakiye,K
baksı,E
bala,E
bala,E
balabey,E
balaman,E
balamir,E
balatekin,E
balatürk,E
balaz,E
balbal,E
balbay,E
balbey,E
balca,K
balcan,E
baldan,K
baldemir,E
baler,E
balhan,E
balı,E
balıbaş,E
balıbey,E
balım,U
balın,K
balibey,E
balk,E
balkan,E
balkı,U
balkın,K
balkır,U
balkış,E
balkız,K
balkoç,E
ballı,K
balsan,E
balsarı,K
balşeker,K
baltaş,E
bandak,E
bangu,E
banu,K
banuhan,K
barak,E
baran,E
baranalp,E
baranbilge,E
baransel,E
baray,E
barbaros,E
barça,E
barçak,E
barçın,U
barım,E
barın,E
barış,U
barışcan,E
baria,K
barik,E
barika,K
bariz,E
barkan,E
barkın,U
barlas,E
barlık,E
bars,E
barsbay,E
barsbey,E
bartu,E
basa,E
basak,E
basım,E
basıra,K
basir,E
basiret,K
baskak,E
baskan,E
baskın,E
basri,E
basriye,K
basut,E
başağa,E
başak,K
başal,E
başar,U
başargan,E
başarman,E
başat,E
başay,U
başaydın,E
başbay,E
başbuğ,E
başçık,K
başdemir,E
başdoğan,E
başeğmez,E
başel,E
başer,E
başhan,E
başkal,E
başkan,E
başkara,E
başkaya,E
başkaynak,E
başkur,E
başkurt,E
başkut,E
başman,E
başok,E
başol,E
başöz,E
başsoy,E
baştaş,E
baştemir,E
baştugay,E
baştuğ,E
baştürk,E
batı,U
batıbay,E
batıbey,E
batıcan,E
batıhan,E
batır,E
batıray,E
batırhan,E
battal,E
batu,E
batucem,E
batuhan,E
batur,E
baturalp,E
baturay,E
baturhan,E
bayar,E
baybars,E
baybaş,E
baybek,E
baybora,E
baybörü,E
baycan,E
bayça,E
baydoğan,E
baydu,E
baydur,E
bayduralp,E
bayer,E
bayezit,E
baygüç,E
bayhan,E
bayhun,E
bayık,E
bayın,E
bayındır,E
bayır,E
bayırhan,E
baykal,E
baykam,E
baykan,E
baykara,E
baykır,E
baykoca,E
baykor,E
baykul,E
baykurt,E
baykut,E
baykutay,E
baylan,U
bayman,E
bayol,E
bayrak,E
bayraktar,E
bayram,E
bayrı,E
bayru,E
bayrualp,E
bayrubay,E
bayruhan,E
bayruk,E
baysal,U
baysan,E
baysoy,E
baysu,E
baysungur,E
baytal,E
baytaş,E
baytekin,E
baytimur,E
baytok,E
baytugay,E
baytüze,E
baytüzün,E
bayuk,E
bayülken,E
bayyiğit,E
bedia,K
bedirhan,E
bedirnisa,K
bedreka,K
behnan,E
behnane,K
behram,E
behzat,E
bekata,E
bekbars,E
bekbay,E
beksan,E
bektaş,E
beleda,E
bellisan,E
belma,K
benal,E
benam,E
benan,U
benay,K
benazir,E
bengialp,E
bengibay,E
bengisan,U
bengitaş,E
bengühan,K
benian,K
berat,U
bergüzar,K
beria,K
berkal,E
berkan,E
berkant,E
berkay,E
berkkan,E
berkman,E
berksal,E
berksan,E
berksay,E
berktan,E
berna,U
berrak,K
berran,U
bertan,E
besalet,U
besamet,K
besat,E
beşaret,U
beşarettin,E
betülay,K
beyaz,K
beyazıt,E
beybars,E
beybolat,E
beycan,E
beyda,E
beydağ,E
beydaş,E
beyhan,U
beyhatun,K
beykal,E
beykan,E
beykara,E
beylan,K
beysan,E
beytullah,E
beyza,K
beyzade,E
beyzat,E
bican,E
bidar,K
bidayet,K
bihan,K
bilan,E
bilay,U
bilbaşar,E
bilbay,E
bileda,E
bilgealp,E
bilgebay,E
bilgecan,K
bilgehan,U
bilgekağan,E
bilgekan,E
bilgetay,E
bilgihan,E
bilgivar,K
bilgütay,E
bilhan,U
bilkan,E
bilsay,E
biltaş,E
biltay,E
bilyap,E
binal,E
binali,E
binalp,E
binan,E
binat,E
binay,U
binbaşar,E
binbay,E
bindal,E
binhan,K
binkan,E
binnaz,K
binyaşar,E
biran,E
birant,E
biray,U
bircan,U
birdal,U
birhan,U
birkan,E
birnaz,K
birsan,U
birtan,E
birtane,K
boğa,E
boğaç,E
boğaçhan,E
boğahan,E
boğataş,E
boğatay,E
boğatekin,E
boğatır,E
boğatimur,E
bolat,E
bolcan,E
bolgan,E
bolhan,E
bolkan,E
bora,E
borahan,E
borak,E
borakan,E
borakhan,E
boran,E
boranalp,E
boranbay,E
boransü,E
borataş,E
boratav,E
boratay,E
boray,E
borkan,E
boyar,E
boydak,E
boydaş,E
boylan,E
boynak,E
boyraz,E
boysal,E
boysan,E
bozan,E
bozat,E
bozay,E
bozbağ,E
bozbala,E
bozbaş,E
bozbay,E
bozbora,E
bozca,E
bozdağ,E
bozdoğan,E
bozhan,E
bozkan,E
bozkara,E
bozkaya,E
bozlak,E
bozokay,E
boztaş,E
bölükbaşı,E
börübars,E
börübay,E
börühan,E
börükan,E
bucak,E
budak,E
budunal,E
budunalp,E
buğday,K
buğra,E
buğrahan,E
bukay,E
bulak,E
bulgan,E
bulgubay,E
bulgucan,E
bulgunoyan,E
bulutay,E
buminhan,E
burak,E
burçak,U
burçhan,E
burhan,E
burhanettin,E
burkay,E
burukbay,E
buyan,E
buyrukalp,E
buyrukata,E
buyrukbay,E
buyrukhan,E
bükay,E
büldan,K
bünyamin,E
büran,E
bürkan,U
bürran,K
büşra,K
cafer,E
cahide,K
cahit,E
caize,K
calibe,K
calp,E
can,U
cana,K
canal,U
canalp,E
canaltay,E
canan,U
canane,K
canaş,K
canat,E
canay,U
canaydın,E
canbay,E
canbek,E
canberk,E
canbey,E
canbolat,E
canbulat,E
canda,E
candan,U
candaner,E
candar,E
candaş,U
candeğer,U
candemir,E
candoğan,E
canel,U
caner,E
canfeda,K
canfer,E
canfes,K
canfeza,K
canfidan,K
canfide,K
cangiray,E
cangül,K
cangün,U
cangür,E
canhanım,K
canıpek,K
canik,K
canip,E
canipek,K
cankan,E
cankat,U
cankaya,E
cankılıç,E
cankız,K
cankoç,E
cankorur,E
cankurt,E
cankut,E
cannur,U
canol,E
canören,E
canöz,U
canözen,K
canözlem,K
canperver,K
canpolat,E
canrüba,K
cansal,E
cansay,E
cansel,U
cansen,U
canser,U
canses,K
cansev,K
canseven,U
cansever,U
cansın,U
cansoy,U
cansu,U
cansun,U
cansunar,U
cansunay,E
cansuner,E
cantaş,E
cantekin,E
canten,K
cantez,E
cantürk,E
canyurt,E
caran,E
carim,E
carullah,E
cavidan,K
cavit,E
cavlı,E
cavuldur,E
caymaz,E
cazibe,K
cazim,E
cazip,E
cebbar,E
cebealp,E
cebrail,E
cefa,E
celilay,E
cemal,E
cemaleddin,E
cemalettin,E
cemalullah,E
cemşah,E
cenan,E
cenani,E
cenap,E
cengizhan,E
cerullah,E
cevahir,U
cevat,E
cevval,U
cevza,K
ceyda,K
ceydahan,K
ceyhan,U
cezayir,E
cihan,U
cihanbanu,K
cihandar,E
cihandide,E
cihanefruz,E
cihaner,E
cihanfer,K
cihangir,E
cihangül,K
cihani,E
cihanmert,E
cihannur,U
cihanşah,E
cihat,E
cilvenaz,K
cilvesaz,K
civan,E
civanbaht,E
civanmert,E
civanşir,E
coşan,E
coşar,E
coşkunay,E
cuma,E
cumali,E
cura,E
cündullah,E
çadır,E
çağ,E
çağa,E
çağaçan,E
çağaçar,E
çağakan,E
çağan,E
çağanak,E
çağatay,E
çağay,E
çağbay,E
çağdaş,U
çağıl,U
çağıltı,E
çağın,U
çağır,E
çağkan,E
çağla,U
çağlak,U
çağlam,E
çağlan,E
çağlar,U
çağlasın,U
çağlayan,U
çağlayangil,E
çağlayantürk,E
çağlı,E
çağman,E
çağnur,K
çağrı,U
çağrıbey,E
çağrınur,K
çağveren,E
çakan,E
çakar,E
çakıl,E
çakım,E
çakın,E
çakır,U
çakırbey,E
çakırca,E
çakırer,E
çakmak,E
çakman,E
çakmur,E
çalapkulu,E
çalapöver,E
çalapverdi,E
çalgan,E
çalıkbey,E
çalıkuşu,K
çalım,U
çalın,E
çalış,E
çalışkan,U
çalkan,E
çalkara,E
çalkın,E
çaltı,E
çam,E
çamak,E
çambel,E
çamer,E
çamok,E
çandar,E
çandarlı,E
çanga,E
çangal,E
çankara,E
çankaya,E
çapan,E
çapaner,E
çapar,E
çapın,E
çapkan,E
çarlan,E
çarman,E
çav,E
çavaş,E
çavdar,E
çavdur,E
çavlan,E
çavlı,E
çavuldur,E
çavuş,E
çaydam,E
çaydamar,E
çayhan,E
çaykara,E
çaylak,E
çaylan,U
çaynak,E
çelikbaş,E
çelikhan,E
çelikkan,E
çelikkanat,E
çelikkaya,E
çeliktan,E
çeliktaş,E
çelikyay,E
çeşminaz,K
çetinalp,E
çetinay,E
çetinkaya,E
çetintaş,E
çevikcan,E
çıda,E
çıdal,E
çıdam,E
çıdamlı,E
çığa,E
çığal,E
çınak,E
çınar,U
çınay,E
çıray,E
çıtak,E
çıtanak,E
çilhan,K
çilhanım,K
çiltay,E
çimnaz,K
çintan,E
çintay,E
çiray,E
çoban,E
çobanyıldızı,K
çoğa,E
çoğahan,E
çoğan,E
çoğaş,E
çoğay,E
çokan,E
çokar,E
çokay,E
çokman,E
çolak,E
çolpan,U
çopar,E
çopuralp,E
çora,E
çorak,E
çoturay,E
çuğa,E
çulpan,E
çuvaş,E
dadak,E
dadaş,E
dağ,E
dağa,E
dağaşan,E
dağdelen,E
dağhan,E
dağtekin,E
dai,E
daim,E
daime,K
dal,U
dalan,E
dalay,E
dalayer,E
dalbaş,E
dalboğa,E
dalda,E
daldal,E
daldiken,E
dalgıç,E
dalım,E
dalkılıç,E
dalkoç,E
dalokay,E
daltekin,E
dalyan,E
damar,E
damla,K
danış,U
danışman,E
daniş,E
danişment,E
danyal,E
dara,E
darcan,E
darga,E
daver,E
davran,E
davut,E
daya,K
dayahatun,K
dayanç,E
dayar,E
daye,K
dayı,E
daylak,E
deha,U
dehan,K
delikan,E
delikanlı,E
demirağ,E
demiralp,E
demiray,E
demirbağ,E
demirbaş,E
demirboğa,E
demircan,E
demirçay,E
demirhan,E
demirkan,E
demirkaya,E
demirkıran,E
demirman,E
demirşah,E
demirtaş,E
demirtav,E
demirtay,E
demokan,E
denizalp,E
denizcan,E
denizhan,U
denizman,E
denktaş,E
derman,U
dervişani,E
dervişhan,E
derya,U
deryadil,E
deryanur,K
devran,U
diba,K
diclehan,K
didar,K
dikalp,E
dikay,E
dikbaş,E
dikbay,E
dikboğa,E
dikçam,E
dikdal,E
diktaş,E
dila,K
dilara,K
dilay,K
dilbaz,K
dildade,K
dildar,K
dilercan,E
dilferah,K
dilfeza,K
dilhan,K
dilhayat,K
dilmaç,E
dilman,K
dilrüba,K
dilsafa,K
dilsaz,K
dilsitan,K
dilşah,K
dilşat,K
dinçalp,E
dinçay,U
dinççağ,E
dinçkal,E
dinçkaya,E
dinçsan,E
dinçsav,E
dinçsay,E
dinçtaş,E
dindar,E
dirahşan,K
dirayet,K
diribaş,E
dirican,E
dirsehan,E
dizdar,E
doğa,U
doğan,E
doğanalp,E
doğanay,U
doğanbaş,E
doğanbey,E
doğanbike,K
doğaner,E
doğangün,E
doğanhan,E
doğannur,K
doğanşah,E
doğantan,E
doğantimur,E
doğay,K
doğudan,E
doğuhan,E
doğukan,E
dolan,E
dolaner,E
dolay,E
dolunay,U
domaniç,E
donat,E
dora,E
dorak,E
dorukhan,E
dorukkan,E
dölaslan,E
dönmezcan,E
duduhan,K
duhan,E
duman,E
dumanbey,E
dura,E
duracan,E
durak,E
dural,E
duran,E
duranay,E
duraner,E
duransoy,E
durantekin,E
duray,E
durcan,K
durhan,E
durkadın,K
durkaya,E
durualp,E
durubay,E
durucan,E
duruhan,E
durukadın,K
durukal,E
durukan,E
durusan,E
duysal,K
dündar,E
dündaralp,E
dürdane,K
dürefşan,K
dürrüşehvar,K
düşvar,E
ebrak,E
ecebay,E
ecehan,U
ecekan,E
eda,K
edadil,K
edagül,K
edgüalp,E
edgübay,E
edgükan,E
efdal,U
efekan,E
efgan,E
efnan,E
efrasiyap,E
efza,K
ejderhan,E
elaldı,K
elfaz,E
elhan,E
eliaçık,E
elitaş,E
elmas,K
elvan,U
elveda,K
emanet,U
emanullah,E
embiya,E
emetullah,K
emirhan,E
emirşah,E
emrah,E
emran,E
emrullah,E
emsal,U
enbiya,E
enfal,E
enginalp,E
enginay,U
engintalay,E
enhar,E
ensar,E
ensari,E
eracar,E
erakalın,E
erakıncı,E
eraksan,E
eral,E
eralkan,E
eralp,E
eraltay,E
erandaç,E
eranıl,E
eraslan,E
eratlı,E
eray,U
eraydın,E
erbaş,E
erbaşat,E
erbatur,E
erbay,U
erboğa,E
ercan,E
ercihan,E
ercivan,E
erdağ,E
erdal,E
erdemalp,E
erdemay,K
erdenalp,E
erdenay,U
erdibay,E
erdoğan,E
erduran,E
erenalp,E
erenay,U
erencan,E
erenkara,E
ergalip,E
ergazi,E
erginal,E
erginalp,E
erginay,E
erginbay,E
ergincan,E
ergunalp,E
erguvan,K
ergünay,E
erhan,E
erimşah,E
erkal,E
erkan,E
erkarslan,E
erkaş,E
erkaya,E
erkınay,E
erkıral,E
erkman,E
erkoçak,E
erksal,E
erksan,E
erkutay,E
erman,E
erna,K
ernoyan,E
eroğan,E
erokay,E
eronat,E
erozan,E
ersagun,E
ersal,E
ersalmış,E
ersan,E
ersav,E
ersavaş,E
ersay,E
ersayın,E
ersunal,E
erşahan,E
erşan,E
erşat,E
ertaç,E
ertan,E
ertaş,E
ertay,E
ertaylan,E
ertepınar,E
ertugay,E
ertuna,E
ertunca,E
ertuncay,E
ertunga,E
erturan,E
erünal,E
eryalçın,E
eryaman,E
eryavuz,E
eryılmaz,E
erzade,E
erzan,U
esat,E
esedullah,E
esenbay,E
esenboğa,E
esendağ,E
esendal,U
esenkal,E
esertaş,E
eskinalp,E
esma,K
esmahan,K
esmeray,K
esna,K
esra,K
eşay,K
eşfak,E
eşraf,E
evcan,U
evhat,E
evliya,E
evran,E
evrenata,E
eyyam,E
ezelhan,E
fadıl,E
fadıla,K
fadik,K
fadile,K
fadim,K
fadime,K
fahim,E
fahime,K
fahir,E
fahire,K
fahrettin,E
fahri,E
fahriye,K
fahrünnisa,K
faik,E
faika,K
faiz,E
faize,K
fakih,E
fakihe,K
fakir,E
fakirullah,E
falih,E
fani,E
fariha,K
farik,E
faris,E
farise,K
faruk,E
fasih,E
fasihe,K
fatih,E
fatin,E
fatine,K
fatma,K
fatmagül,K
fatmanur,K
fato,K
fatoş,K
faysal,E
fazıl,E
fazıla,K
fazilet,K
fazlı,E
fazlullah,E
feda,U
fedai,E
fedakar,U
fehamet,U
fehamettin,E
fehimdar,E
fekahet,K
feragat,E
ferah,U
ferahet,K
ferahfeza,K
ferahi,E
ferahnisa,K
ferahnur,K
ferahnüma,K
ferahru,K
feramuş,E
feramuz,E
feraset,K
feray,U
feraye,K
fercan,E
ferda,U
ferdal,E
ferdane,K
ferdaniye,K
ferdar,E
ferhan,U
ferhat,E
ferhattin,E
ferican,K
feriha,K
feritkan,E
ferkan,E
ferman,E
fermani,E
fersan,E
feruzat,E
ferzan,E
ferzane,K
fetanet,K
fethullah,E
fettah,E
fevzullah,E
feyha,U
feyman,U
feyyaz,E
feyza,K
feyzan,U
feyzullah,E
feza,U
fezahan,E
fezai,E
fezanur,K
fırat,E
fıtnat,K
fidan,K
fidangül,K
figan,K
filbahar,K
firaz,K
firkat,K
firuzan,K
fitnat,K
fuat,E
fulya,K
funda,K
furkan,E
füruzan,K
gaffar,E
gafir,E
gafur,E
galibe,K
galip,E
gamze,K
gani,E
ganime,K
ganimet,K
ganiye,K
garibe,K
garip,E
gavsi,E
gaye,K
gayret,E
gayur,E
gazal,U
gazale,K
gazanfer,E
gazel,U
gazi,E
gedikbaş,E
gedikbay,E
gediktaş,E
gelenay,K
gencal,E
gencalp,E
gencaslan,E
gencay,U
gençağa,E
gençalp,E
gençaslan,E
gençay,U
gençkal,E
gençsav,E
gençtan,E
geray,E
german,E
gezenay,E
gıyas,E
gıyasettin,E
gıyasi,E
giray,E
girayalp,E
girayer,E
girayhan,E
girginalp,E
girizan,K
gizay,E
gonca,K
goncafem,K
goncafer,K
goncagül,K
goncater,K
gökalp,E
gökay,U
gökbaran,E
gökbay,E
gökbayrak,E
gökbora,E
gökbudak,E
gökcan,E
gökçebala,E
gökçebalan,E
gökdal,E
gökdoğan,E
gökduman,K
gökhan,E
gökmenalp,E
göksal,U
göksaltuk,E
göksan,E
göksav,E
göksay,E
gökşan,K
göktalay,E
göktan,E
göktaş,E
göktay,E
göktulga,E
göktuna,E
gökyay,E
gönülay,K
göral,E
görgünay,E
görgüncan,E
gözal,K
gözalan,K
gözay,E
gözaydın,E
gücal,E
gücalp,E
güçal,E
güçalp,E
güçhan,E
güçkan,E
güçkanat,E
güçlübay,E
güçlühan,E
güçlükhan,E
güçsal,E
güçsalan,E
güçsan,E
gülaç,K
gülaçtı,K
gülal,K
gülara,K
gülaslı,K
gülasya,K
gülay,K
gülaydın,K
gülayım,K
gülayşe,K
gülbadem,K
gülbağ,K
gülbahar,K
gülbanu,K
gülbay,E
gülbeyaz,K
gülcan,K
gülcanan,K
gülcemal,K
gülcihan,K
güldal,K
güldalı,K
güldan,K
güldane,K
güldehan,K
güldoğan,U
güldünya,K
güleda,K
gülefşan,K
gülenay,K
gülendam,K
güleray,K
gülercan,K
gülerman,E
gülertan,E
gülfam,K
gülfeda,K
gülferah,K
gülfeşan,K
gülfeza,K
gülfidan,K
gülgonca,K
gülhan,U
gülhanım,K
gülhatır,K
gülhatun,K
gülhayat,K
gülinaz,K
gülistan,K
gülizar,K
gülkadın,K
gülkan,E
güllühan,K
güllüşah,K
güllüşan,K
gülmisal,K
gülnar,K
gülnare,K
gülnazik,K
gülnihal,K
gülsalın,K
gülsan,K
gülsanem,K
gülsay,K
gülsefa,K
gülsema,K
gülsima,K
gülsuna,K
gülsunam,K
gülsunan,K
gülsunar,K
gülşad,K
gülşadiye,K
gülşah,K
gülşahin,E
gülşan,K
gültaç,K
gültan,U
gültane,K
gültaş,E
gültaze,K
gülümay,K
gülzar,K
gülziba,K
güman,E
gümüşhatun,K
gümüştan,E
gümüştay,E
günaç,U
günak,E
günal,U
günalan,E
günalp,E
günaltan,E
günaltay,E
günan,U
günana,K
günay,U
günaydın,U
günbatu,K
günbay,E
günçağ,E
gündal,U
gündaş,E
gündoğan,E
gündoğar,E
gündüzalp,E
gündüzhan,E
günebakan,K
güneral,E
güneralp,E
güneray,E
günerkan,E
günerman,E
güneşhan,E
güneşhanım,K
günhan,U
günkan,E
günkaya,E
günkutan,E
günnar,K
günnaz,K
günsar,E
günsav,E
günşah,K
günşıray,U
güntan,U
günvar,E
günyaruk,E
gürak,E
gürakan,E
gürakın,E
güral,E
güran,E
gürarda,E
gürata,E
güray,U
gürbaş,E
gürbaşkan,E
gürbay,E
gürboğa,E
gürcan,E
gürdal,E
gürhan,E
gürkan,E
güvenay,K
güzay,K
güzelay,K
güzelcan,K
güzinay,K
hacer,K
hacergül,K
hacıgül,K
hacıhanım,K
hacıkadın,K
hadiye,K
hadra,K
hafıza,K
hafide,K
hafize,K
hakan,E
hakikat,U
hakkı,E
haktan,U
hakverdi,E
halas,E
halaskar,E
halavet,K
haldun,E
hale,K
halef,E
halenur,K
halide,K
halife,E
halil,E
halile,K
halilullah,E
halim,E
halime,K
halis,E
halise,K
halit,E
halittin,E
halük,E
hamaset,E
hamdi,E
hamdiye,K
hamdullah,E
hami,E
hamide,K
hamil,E
hamis,E
hamise,K
hamit,E
hamiye,K
hamiyet,K
hamra,K
hamza,E
han,E
hanalp,E
hanbegüm,K
hanbeğendi,K
hanbek,E
hanbey,E
hanbike,K
hanbiken,K
handan,K
hande,K
hanedan,E
hanefi,E
hanım,K
hanımkız,K
hanif,E
hanife,K
hankan,E
hankız,K
hansoy,E
hansultan,K
hanüman,K
hanzade,U
harbiye,K
hare,K
harika,K
harun,E
hasan,E
hasanalp,E
hasane,E
hasay,K
hasbek,E
hasbi,E
hasefe,E
hasene,K
hasgül,K
hasibe,K
hasip,E
haskız,K
haslet,E
hasna,K
haspolat,E
hasret,U
haşim,E
haşmet,E
haşmettin,E
hatem,E
hatemi,E
hatıra,K
hatice,K
haticenur,K
hatif,E
hatife,K
hatim,E
hatime,K
hatip,E
hattat,E
hatun,K
hatunana,K
hava,K
haver,K
havi,E
havva,K
hayal,K
hayali,E
hayat,K
hayati,E
haydar,E
hayır,E
hayırgül,K
hayran,U
hayrani,E
hayret,U
hayrettin,E
hayri,E
hayriye,K
hayrullah,E
hayrünnisa,K
hazal,K
hazan,K
hazar,E
hazel,K
hazık,E
hazım,E
hazime,K
hazin,K
hazine,K
hazret,E
hemta,K
heyecan,U
hezarfen,E
hıfzırrahman,E
hıfzullah,E
hıncal,E
hıraman,K
hızlan,E
hicap,E
hicran,K
hiçyılmaz,E
hidayet,U
hidayettin,E
hikmetullah,E
hilkat,U
hisar,E
hitam,E
hoşeda,K
hoşfidan,K
hoşkadem,K
huban,K
hudavendigar,E
hudavent,E
hudaverdi,E
hudayi,E
hulagu,E
hulya,K
hunalp,E
hurican,K
hüdavendigar,E
hüdavent,E
hüdaver,U
hüdaverdi,E
hüdayi,E
hükminaz,K
hükümdar,E
hülya,K
hüma,K
hümayun,E
hümeyra,K
hüray,U
hürcan,U
hürdoğan,E
hürkal,E
hürkan,U
hürnaz,K
hüryaşar,E
hüsam,E
hüsamettin,E
hüsna,K
hüveyda,K
hüzzam,K
ılgar,E
ılgarlı,E
ılgaz,U
ılgazcan,E
ılgazer,E
ılıcak,E
ılıcan,U
ıra,E
ıraz,K
ırmak,U
ışıkal,E
ışıkalp,E
ışıkay,E
ışıkhan,E
ışıkkan,E
ışıktaş,E
ışılak,E
ışılar,U
ışılay,K
ışıldar,K
ışıltan,U
ışıman,E
ışınay,K
ışınbay,E
ışınhan,E
ışınkan,E
ışınsal,K
ışıtan,U
iba,K
ibad,E
ibadet,E
ibadullah,E
ibat,E
ibrahim,E
içaçan,E
ifakat,K
ihsan,U
ihvan,E
ihya,U
ikbal,U
ikram,U
ikrami,E
ilal,E
ilalan,E
ilaldı,E
ilalmış,E
ilarslan,E
ilay,K
ilayda,K
ilaydın,E
ilbars,E
ilbasan,E
ilbasmış,E
ilbastı,E
ilbaş,E
ilbay,E
ilboğa,E
ilbozan,E
ilcan,E
ilgar,E
ilgazi,E
ilginay,K
ilham,E
ilhami,E
ilhan,E
ilimdar,E
ilkan,E
ilkay,U
ilkbahar,K
ilkbal,K
ilkcan,K
ilkehan,E
ilknaz,K
ilkutay,E
ilkünsal,E
ilkyaz,K
ilpars,E
ilsavaş,E
ilsavun,E
iltan,E
iltaş,E
iltay,E
ilvan,E
ilyas,E
imadettin,E
imam,E
imamettin,E
iman,E
imat,E
imbat,K
imdat,E
inak,E
inal,U
inalbey,E
inalcık,E
inalkut,E
inaltekin,E
inan,U
inanç,U
inançlı,E
inanır,E
inanöz,E
inayet,U
incebay,E
insaf,K
ipar,K
irfan,U
irfani,E
irfaniye,K
irfat,E
irşat,E
isa,E
isfendiyar,E
ishak,E
ismail,E
ismican,K
ismihan,K
isminaz,K
israfil,E
istemihan,E
istikbal,U
isvan,E
işcan,E
işman,E
itibar,K
iyidoğan,E
iyisan,E
izboğa,E
izbudak,E
jale,K
kaan,E
kadagan,E
kadam,U
kadem,U
kader,U
kadın,K
kadınana,K
kadıncık,K
kadife,K
kadim,E
kadime,K
kadir,E
kadire,K
kadrettin,E
kadri,E
kadrihan,E
kadriye,K
kafar,E
kağan,E
kahir,E
kahraman,E
kaim,E
kakınç,E
kala,E
kalagay,E
kalender,E
kalgay,E
kalkan,E
kalmık,E
kalmuk,E
kam,E
kamacı,E
kaman,E
kamanbay,E
kamar,E
kambay,E
kamber,E
kamer,K
kamet,E
kamran,U
kamu,E
kamuran,U
kanağan,E
kanak,E
kanat,E
kanbay,E
kanber,E
kandemir,E
kaner,E
kanık,E
kanıkor,E
kanıt,E
kani,E
kaniye,K
kanpolat,E
kanpulat,E
kansu,E
kansun,E
kanturalı,E
kantürk,E
kanun,E
kanver,E
kapagan,E
kapar,E
kapçak,E
kapkın,E
kaplan,E
kaptan,E
kara,E
karaalp,E
karaca,U
karacakurt,E
karacan,E
karacı,E
karaçar,E
karaçay,E
karaçelik,E
karadağ,E
karademir,E
karadeniz,E
karadoğan,E
karaduman,E
karadut,K
karaer,E
karagöz,U
karahan,E
karakalpak,E
karakan,E
karakaş,E
karakaya,E
karakız,K
karakoca,E
karakoç,E
karakoyun,E
karakucak,E
karakurt,E
karakuş,E
karaman,E
karamık,E
karamuk,E
karamut,E
karamürsel,E
karan,E
karanalp,E
karanbay,E
karanfil,K
karaoğlan,E
karaörs,E
karapars,E
karasal,E
karasu,E
karasungur,E
karasüyek,E
karaşın,E
karatan,E
karataş,E
karatay,E
karatekin,E
karatün,E
karayağız,E
karayel,E
karcan,E
kardan,K
kardelen,K
kardeş,E
kargı,E
kargın,E
kargınalp,E
karhan,E
karık,E
karındaş,E
karlık,E
karlu,E
karluk,E
karlukhan,E
karsel,K
kartal,E
kartay,E
kartekin,E
karyağdı,K
kasal,E
kasar,E
kasım,E
kasırga,E
kaşka,E
katı,E
katıhan,E
katun,K
kavas,E
kavçın,E
kavruk,E
kavurt,E
kavurtbey,E
kavurthan,E
kavvas,E
kay,E
kaya,E
kayaalp,E
kayacan,E
kayaer,E
kayagün,E
kayagündüz,E
kayahan,E
kayan,U
kayansel,U
kayar,E
kayaş,E
kayatekin,E
kayatimur,E
kayatürk,E
kaygısız,E
kaygusuz,E
kayhan,E
kayı,E
kayıbay,E
kayıhan,E
kayın,E
kayıt,E
kayıtmış,E
kaymak,K
kaymas,E
kaymaz,E
kaynak,E
kaynar,E
kaynarkan,E
kayra,U
kayraalp,E
kayrahan,E
kayral,E
kayran,E
kayser,E
kayyum,E
kazak,E
kazakhan,E
kazan,E
kazanhan,E
kazgan,E
keleşbay,E
keleşhan,E
kemal,E
kemalettin,E
kemandar,E
kenan,E
keramet,U
keramettin,E
kerami,E
keremşah,E
keriman,K
kerimhan,E
kerman,E
kervan,E
keskinay,E
keyhan,E
kezban,K
keziban,K
kılavuz,E
kılıçal,E
kılıçalp,E
kılıçaslan,E
kılıçbay,E
kılıçhan,E
kınalp,E
kınay,E
kınayman,E
kınaytürk,E
kınıkaslan,E
kıpçak,E
kıraç,E
kıralp,E
kıran,E
kıranalp,E
kıraner,E
kırat,E
kıratlı,E
kıray,E
kırbay,E
kırboğa,E
kırca,E
kırdar,E
kırdarlı,E
kırhan,E
kırman,E
kırtay,E
kıvanç,U
kıvançer,E
kıvançlı,E
kıyam,E
kıyan,E
kıyas,E
kızan,E
kızhanım,K
kızılaslan,E
kızılateş,E
kızılbars,E
kızılboğa,E
kızılelma,E
kızılpars,E
kızılyalım,E
kızımay,K
kızkına,K
kibar,U
kibare,K
kibariye,K
kiçialp,E
kiçihan,E
kifaye,K
kifayet,K
kimya,K
kinaş,E
kinyas,E
kipcan,E
kiram,E
kiramettin,E
kirami,E
kiraz,K
kirman,E
kirmanşah,E
kişihan,E
koca,E
kocaalp,E
kocademir,E
kocagöz,E
kocaman,E
kocataş,E
kocatay,E
kocatürk,E
kocaün,E
koçak,E
koçakalp,E
koçakaslan,E
koçaker,E
koçaş,E
koçay,E
koçboğa,E
koçhan,E
koçkan,E
koçkar,E
kolat,E
kolçak,E
koldan,E
koldaş,E
koman,E
komutan,E
konak,E
konan,E
konca,K
koncagül,K
kongar,E
kongarata,E
konguralp,E
kongurtay,E
konrat,E
konuralp,E
konurata,E
konuray,E
kopan,E
koparal,E
kora,E
koral,E
koralp,E
koraltan,E
koramaz,E
koraslan,E
koray,E
korcan,E
korçak,E
korçan,E
korday,E
korgan,E
korhan,E
korkan,E
korkmaz,E
korkutalp,E
korkutata,E
korman,E
kortak,E
kortan,E
kortaş,E
kortay,E
korugan,E
koryak,E
koryay,E
koşal,E
koşukhan,E
kotuzhan,E
koyak,E
koyaş,U
koytak,E
koytan,E
kozak,E
köksal,U
köksan,E
köktan,E
köktaş,E
köktay,E
közcan,E
kubat,E
kubilay,E
kuday,E
kudayberdi,E
kudretullah,E
kulan,K
kumral,K
kutal,K
kutan,K
kutay,U
kutlay,K
kutluay,K
kutsal,K
kutsalan,K
kutsalar,K
kutsan,K
kuyaş,E
kuzay,K
kübra,K
kürşad,E
kürşat,E
lala,E
lalehan,K
lalezar,K
lamia,K
lamiha,K
lema,K
leman,K
lerzan,K
letafet,K
leyan,K
liyakat,K
liyan,K
maarif,E
macide,K
macit,E
madelet,K
mağfiret,K
mağrip,E
mağrur,E
mahbube,K
mahbup,E
mahçiçek,K
mahfer,K
mahfi,E
mahfuz,E
mahınev,K
mahi,E
mahinur,K
mahir,E
mahire,K
mahizar,K
mahizer,K
mahmude,K
mahmur,E
mahmure,K
mahmut,E
mahnur,K
mahpare,K
mahperi,K
mahpeyker,K
mahra,E
mahru,K
mahrur,K
mahser,E
mahsun,E
mahsure,K
mahsut,E
mahten,K
mahter,K
mahya,E
maide,K
mail,E
makal,E
makbul,E
makbule,K
maklübe,K
maksude,K
maksum,E
maksume,K
maksur,E
maksure,K
maksut,E
makul,E
malik,E
malike,K
malkoç,E
malkoçoğlu,E
mançer,E
manço,E
mançu,E
mançuhan,E
manga,E
mangalay,E
manolya,K
mansur,E
mansure,K
manzur,E
maral,U
marifet,K
martı,K
maruf,E
marufe,K
marziye,K
masum,E
masume,K
maşallah,E
maşuk,E
maşuka,K
matlup,E
matuk,E
mavi,K
mavisel,K
maviş,K
maya,K
mazhar,E
mazlum,E
mazlume,K
medar,K
medayin,E
mediha,K
mefhar,E
mefharet,K
mehlika,K
mehpare,K
mehtap,K
melahat,K
melda,K
meleknaz,K
melekşah,K
meliha,K
melikhan,E
melikşah,E
melisa,K
melissa,K
memduha,K
menaf,E
mengüalp,E
mengübay,E
mengütaş,E
mengütay,E
mennan,E
meral,U
meram,K
mercan,K
merdan,E
mertkal,E
mertkan,E
merzuka,K
mesadet,K
mestan,E
mestinaz,K
meşahir,E
meşale,K
metehan,E
metinkaya,E
meva,K
mevlana,E
meyransa,K
meyyal,K
mısra,K
midhat,E
mihman,K
mihriban,K
mihrican,U
mihrimah,K
mihrinaz,K
mihrinisa,K
mihrişah,K
mimoza,K
mina,K
miraç,E
miran,E
miranmir,E
mirat,E
miray,K
mircan,U
mirhan,U
mirza,E
mirzat,E
misal,K
mithat,E
miyase,K
mocan,E
moran,E
moray,U
muadelet,K
muaffak,E
mualla,K
muallim,E
muammer,U
muarra,K
muattar,K
muazzam,E
muazzez,K
mubahat,K
muğdat,E
muhacir,E
muhaddere,K
muhammed,E
muhammet,E
muhar,E
muharrem,E
muhtar,E
mukaddem,E
mukadder,U
mukaddes,K
munar,E
mungan,E
murat,E
murathan,E
murtaza,E
musa,E
musaddık,E
musafat,E
musaffa,K
mustafa,E
mutahhar,U
mutarra,K
mutasım,E
mutena,K
mutia,K
mutlualp,E
mutluay,U
mutlubay,E
mutluhan,E
mutlukan,E
mutlukhan,E
muvaffak,E
muvahhide,K
muvahhit,E
muvakkar,U
muzaffer,U
mübahat,K
mübarek,E
mübareke,K
müberra,K
mücahit,E
mücahittin,E
mücap,E
müçteba,E
müheyya,K
mühürdar,E
müjdat,E
mükafat,K
müminhan,E
mümtaz,E
mümtaze,K
münasip,E
münteha,K
müsemma,K
müstakim,E
müstakime,K
müstecap,E
müstesna,K
müşahit,E
müşfika,K
müştak,E
müşteba,E
müzahir,E
müzdat,E
naci,E
nacil,E
naciye,K
nadi,E
nadide,K
nadim,E
nadime,K
nadir,E
nadire,K
nadiye,K
nafi,E
nafia,K
nafile,K
nafiye,K
nafiz,E
nafize,K
nagehan,K
nağme,K
nahide,K
nahire,K
nahit,E
naibe,K
nail,E
naile,K
naim,E
naime,K
naip,E
naire,K
nakıp,E
naki,E
nakip,E
nakiye,K
nakşıdil,K
nalan,K
namal,E
namdar,E
isimler,K
namık,E
namıka,K
nami,E
namiye,K
nardan,K
nardane,K
nargül,K
narhanım,K
narin,K
nariye,K
narkadın,K
nart,E
narter,E
nas,E
nasfet,K
nasıf,E
nasır,E
nasıra,K
nasibe,K
nasih,E
nasiha,K
nasip,U
nasir,E
nasiye,K
nasrettin,E
nasri,E
nasrullah,E
nasuh,E
nasuhi,E
naşide,K
naşir,E
naşire,K
naşit,E
natık,E
natıka,K
natuk,E
natuvan,E
nayman,E
naz,K
nazan,K
nazar,E
nazbike,K
nazende,K
nazenin,K
nazhanım,K
nazıdil,K
nazım,E
nazıma,K
nazır,E
nazif,E
nazife,K
nazik,U
nazir,E
nazire,K
nazlan,K
nazlı,K
nazlıcan,K
nazlıgül,K
nazlıhan,K
nazlım,K
nazmi,E
nazmiye,K
nebahat,K
nebahattin,E
necat,U
necati,E
neccar,E
nefaset,K
nehar,E
nejat,E
neriman,K
neslihan,K
neslişah,K
neşat,U
neşecan,K
neva,K
neval,K
nevale,K
nevbahar,K
nevcan,K
nevcivan,U
neveda,K
nevnihal,K
nevra,K
nevsal,E
nevsale,K
nevvare,K
nevzat,U
neyran,K
nezafet,K
nezahat,K
nezahattin,E
nezahet,K
nezaket,K
nida,U
nidai,E
nihade,K
nihai,E
nihal,K
nihan,K
nihat,E
nihayet,U
nilay,K
nilhan,U
nimetullah,E
niran,K
nisa,K
nisan,U
nisani,E
nisvan,K
nişan,E
nişanbay,E
niyaz,U
niyazi,E
nizam,E
nizamettin,E
nizami,E
nizar,E
nogay,E
noyan,E
nuhcan,E
nuhkan,E
numan,E
nural,U
nuralp,E
nuran,K
nurani,E
nuratay,E
nuray,U
nuraydın,E
nurbaki,E
nurbanu,K
nurbay,E
nurcan,U
nurcihan,U
nurdağ,U
nurdal,U
nurdan,U
nurdanay,K
nurdane,K
nurdoğan,U
nurefşan,K
nurfeza,K
nurfidan,K
nurhan,U
nurhanım,K
nurhayal,K
nurhayat,K
nurihak,E
nurinisa,K
nurkadın,K
nurkan,U
nurlan,K
nurmah,K
nursaç,K
nursal,U
nursan,U
nursema,K
nursima,K
nurşah,E
nurtaç,U
nurtan,K
nurtane,K
nurullah,E
nurzat,E
nuyan,E
oba,E
ocak,E
ocan,E
odhan,E
odkan,E
odkanlı,E
odman,E
odyak,E
odyakar,E
odyakmaz,E
oflas,E
oflaz,U
oflazer,E
ogan,E
oganalp,E
oganer,E
ogansoy,E
ogeday,E
oğan,E
oğanalp,E
oğaner,E
oğansoy,E
oğanverdi,E
oğulbalı,E
oğulbaş,E
oğulbay,E
oğulcan,E
oğulçak,E
oğultan,E
oğuralp,E
oğurata,E
oğuzalp,E
oğuzata,E
oğuzbala,E
oğuzbay,E
oğuzcan,E
oğuzhan,E
oğuzkan,E
oğuzman,E
oğuztan,E
okakın,E
okal,E
okan,E
okanalp,E
okanay,E
okandan,E
okaner,E
okar,E
okat,E
okatan,E
okatar,E
okatay,E
okay,E
okayer,E
okbaş,E
okbay,E
okboğa,E
okcan,E
okdağ,E
okhan,E
okkan,E
okman,E
oksal,E
oksaldı,E
oksalmış,E
oksar,E
oksay,E
okşak,E
okşan,U
okşar,E
oktan,E
oktar,E
oktaş,E
oktay,E
okutan,E
okuyan,E
okyalaz,E
okyan,E
okyanus,U
okyar,E
okyay,E
olca,U
olcan,E
olcay,U
olcayhan,E
olcayto,E
olcaytu,E
olcaytuğ,E
olcaytürk,E
oldaç,E
oldağ,E
olgaç,E
olgunay,E
olkıvanç,E
olpak,E
olsan,E
omaca,E
omaç,E
omay,E
omurca,E
omurtak,E
onan,E
onar,E
onaran,E
onart,E
onat,U
onatkan,E
onatkut,E
onatsü,E
onay,U
onbulak,E
ongan,E
ongay,E
ongunalp,E
onuktan,E
onultan,E
onurad,E
onural,E
onuralp,E
onurhan,E
onurkan,E
onursal,E
onursan,E
onursay,E
opak,E
orak,E
orakay,E
oral,E
oralmış,E
oran,E
oranlı,E
oray,E
orbay,E
orcan,E
orcaner,E
orgunalp,E
orguntay,E
orgünalp,E
orhan,E
orkan,E
orkutay,E
orman,U
ortaç,E
ortak,E
ortan,E
ortanca,K
oskan,E
oskay,U
osman,E
otacı,E
otağ,E
otak,E
otakçı,E
otamış,E
otaran,E
otay,E
oya,K
oyaçiçek,K
oyal,E
oyalı,K
oyalp,E
oybozan,E
oyhan,E
oykan,E
oymak,E
oyman,E
ozan,E
ozanalp,E
ozanay,E
ozaner,E
ozansoy,E
ozansü,E
ozgan,E
öcal,E
öçal,E
ögeday,E
öğütal,E
ömüral,E
ömürcan,U
önad,E
önal,U
önalan,E
önay,U
önaydın,E
öncübay,E
öngay,E
önkal,E
önsal,E
önsav,E
öntaş,E
örsan,E
örsay,E
örskan,E
örtan,E
örtaş,E
örtay,E
övünal,E
özak,U
özakan,E
özakar,E
özakay,E
özakın,E
özakıncı,E
özaktuğ,E
özal,U
özalp,E
özalpman,E
özalpsan,E
özaltan,U
özaltay,E
özaltın,U
özaltuğ,E
özan,U
özant,K
özarda,E
özarı,E
özark,E
özarkın,E
özaslan,E
özata,E
özatay,E
özay,U
özaydın,U
özayhan,E
özaytan,K
özbağ,E
özbal,U
özbala,E
özbaş,E
özbaşak,K
özbatu,E
özbay,E
özbaydar,E
özbekkan,E
özboğa,E
özcan,U
özcanan,K
özçam,E
özçınar,E
özdağ,E
özdal,U
özdamar,E
özdilmaç,E
özdoğa,E
özdoğal,E
özdoğan,E
özduran,E
özekan,E
özenay,K
özercan,E
özerdal,E
özerhan,E
özerman,E
özertan,E
özgebay,E
özgenalp,E
özgenay,E
özgiray,E
özgülay,K
özgünay,E
özgürcan,E
özhakan,E
özhan,E
özilhan,E
özinal,E
özinan,U
özkal,E
özkan,E
özkar,E
özkaya,E
özkayra,E
özkerman,E
özkınal,E
özkınay,E
özkula,E
özkutal,E
özkutay,E
özkutsal,E
özman,E
özoktay,E
özozan,E
özpala,E
özpınar,U
özpolat,E
özpulat,E
özsan,U
özsanlı,E
özşahin,E
özşan,E
öztan,E
öztanır,E
öztarhan,E
öztaş,E
öztay,E
öztaylan,E
öztoygar,E
öztuna,U
özüak,E
özyay,E
özyuva,E
padişah,E
pak,U
pakalın,E
pakan,E
pakbaz,E
pakel,E
paker,E
paki,E
pakize,K
pakkan,E
pakman,E
paksan,E
paksu,K
paksüt,K
pamir,U
pamuk,K
papatya,K
parla,K
parlak,K
parlanur,K
parlar,K
payan,K
paye,K
payende,K
payidar,K
pekak,K
pekay,K
pekbal,K
pekkan,K
perican,K
perihan,K
perinişan,K
perizat,K
perran,K
pervane,K
peyman,K
pınar,K
pırlanta,K
pıtırca,K
pıtrak,K
piran,K
piraye,K
polat,E
poyraz,E
punar,K
pürşan,K
raci,E
racih,E
raciye,K
radi,E
radife,K
radiye,K
rafet,E
rafettin,E
rafi,E
rafia,K
rafih,E
ragıp,E
ragibe,K
rağbet,K
rahi,E
rahile,K
rahim,E
rahime,K
rahiye,K
rahman,E
rahmani,E
rahmet,U
rahmeti,E
rahmetullah,E
rahmi,E
rahmiye,K
rahşan,U
rahşende,K
raif,E
raife,K
raik,E
raika,K
rakım,E
rakıme,K
rakibe,K
rakide,K
rakime,K
rakip,E
ramazan,E
rami,E
ramis,E
ramiye,K
ramiz,E
rana,K
rasih,E
rasiha,K
rasim,E
rasime,K
rasin,E
rasiye,K
raşide,K
raşit,E
ratibe,K
ratip,E
rauf,E
raufe,K
ravza,K
rayet,E
rayıhan,E
rayiha,K
razı,E
razi,E
raziye,K
rebia,K
reca,E
recai,E
refah,K
refahet,K
refhan,U
refia,K
refika,K
reftar,K
regaip,E
reha,U
rehayeddin,E
renan,E
renginar,K
resai,E
resane,K
resulhan,E
reşat,E
revan,U
revza,K
reyhan,K
reyya,K
reyyan,U
rezan,K
rezzak,E
rezzan,K
rıdvan,E
rıfat,E
rıza,E
rızkullah,E
rızvan,E
rical,E
rifat,E
rikap,E
rikkat,K
rindan,K
risalet,U
risalettin,E
ruat,E
ruhan,K
ruhani,E
ruhcan,E
ruhfeza,K
ruhsal,K
ruhsar,K
ruhsare,K
ruhsat,U
ruhşan,E
ruhullah,E
rüçhan,U
rüksan,K
rümeysa,K
rüveyda,K
rüveyha,K
rüya,K
saadet,K
saadettin,E
sacide,K
sacit,E
saçı,K
sada,U
sadak,E
sadakat,E
sadberk,K
sadedil,K
sadegül,K
sadettin,E
sadhezar,K
sadık,E
sadıka,K
sadi,E
sadice,K
sadir,E
sadiye,K
sadrettin,E
sadri,E
sadriye,K
sadullah,E
sadun,E
safa,U
safder,E
safer,E
saffet,U
safıgül,K
safi,E
safinaz,K
safinur,K
safir,K
safire,K
safiye,K
safiyet,K
safiyüddin,E
safter,E
sağan,E
sağanak,E
sağanalp,E
sağbilge,E
sağbudun,E
sağcan,E
sağdıç,E
sağın,E
sağınç,E
sağıt,E
sağlam,E
sağlamer,E
sağlar,E
sağlık,E
sağman,E
sağun,E
sahavet,K
sahba,K
sahibe,K
sahil,U
sahip,E
sahir,E
sahire,K
sahra,K
sahure,K
saibe,K
saide,K
saika,K
saim,E
saime,K
saip,E
sair,E
saire,K
sait,E
sak,E
saka,E
sakın,E
sakıp,E
saki,E
sakibe,K
sakin,E
sakine,K
sakman,E
sal,E
sala,E
salah,E
salahattin,E
salahi,E
salan,E
salar,E
salcan,E
saldam,E
salgur,E
salık,E
salıkbey,E
salıkbike,K
salınbike,K
salih,E
saliha,K
salim,E
salime,K
salis,E
salise,K
salkım,K
salkın,E
salman,E
saltan,U
saltanat,K
saltı,E
saltık,E
saltuk,E
saltukalp,E
salur,E
salurbay,E
samahat,K
samanur,K
samet,E
sami,E
samih,E
samiha,K
samim,E
samime,K
samimi,E
samin,E
samir,E
samire,K
samiye,K
samur,U
samuray,E
samurtay,E
san,E
sanaç,E
sanak,E
sanal,U
sanalp,E
sanat,E
sanavber,K
sanay,U
sanbay,E
sanberk,E
sancak,E
sancaktar,E
sancar,E
sancarhan,E
sançar,E
sanduç,E
sanem,K
sanemnur,K
saner,E
sanevber,K
sani,E
sania,K
sanih,E
saniha,K
saniye,K
sanlı,E
sannur,K
sanşın,E
sanver,E
sar,E
sara,K
saraç,E
saral,E
saran,E
sarbek,E
sare,K
sargan,E
sargın,U
sargınal,E
sargut,E
sarıalp,E
sarıbay,E
sarıca,E
sarıçam,E
sarıçiçek,K
sarıer,E
sarıgül,K
sarıgüzel,K
sarıhan,E
sarıkaya,E
sarıkız,K
sarıtaş,E
sarim,E
sarkan,E
sarmaşık,K
sarp,E
sarper,E
sarphan,E
sarpkan,E
sarpkın,E
sarpkoç,E
sart,E
sartık,E
saru,E
saruca,E
saruhan,E
sarvan,E
satı,U
satıa,K
satıbey,E
satıgül,K
satıhanım,K
satılmış,E
satu,K
satuk,E
satukbuğra,E
satvet,E
sav,E
sava,E
savacı,E
savak,E
savaş,E
savaşan,E
savaşer,E
savaşkan,E
savat,E
saver,E
savgat,E
savlet,E
savni,E
savniye,K
savran,E
savtekin,E
savtunç,E
savtur,E
savun,E
say,E
saya,E
sayan,E
sayar,K
saybay,E
saydam,U
saygı,U
saygılı,E
saygın,U
saygun,U
saygül,K
sayhan,E
sayıl,U
sayılbay,E
sayılgan,E
sayım,E
sayın,U
sayınberk,E
sayınbey,E
sayıner,E
saykal,E
saykut,E
saylam,E
saylan,E
saylav,E
saylu,E
sayman,E
saymaner,E
saynur,K
sayraç,E
sayrak,E
sayran,K
sayrı,E
sayru,E
sayvan,E
sayyat,E
sazak,E
seba,K
sebahat,K
sebahattin,E
sebat,U
sebati,E
sebükalp,E
secahat,E
seçilay,K
seda,U
sedanur,K
sedat,E
sefa,U
seha,U
sehavet,K
sehernaz,K
sehhar,E
sehhare,K
sehran,E
selahattin,E
selamullah,E
selay,K
selcan,K
selçukkan,E
selda,K
seldağ,K
selekman,E
selhan,U
selkan,E
selma,K
selman,E
selva,K
selvican,K
selvihan,U
selvinaz,K
sema,K
semagül,K
semahat,U
semai,E
semanur,K
semavi,E
semiha,K
semiramis,K
semiray,E
semra,K
sena,U
senai,E
senal,K
senar,K
senay,K
sencan,E
seniha,K
sera,K
serad,E
seralp,E
seran,K
serap,K
seray,K
serazat,E
serbay,E
sercan,U
sercihan,E
serdal,E
serdar,E
serdarhan,E
serfiraz,K
serhan,E
serhas,E
serhat,E
serkan,E
serma,K
sernaz,K
sernevaz,K
serra,K
sertaç,U
sertap,U
servinaz,K
settar,E
seval,K
sevan,U
sevay,U
sevcan,U
sevda,K
sevdakar,K
sevenay,K
sevencan,K
severcan,K
sevgican,K
sevgihan,K
sevginaz,K
sevican,K
sevilay,K
sevilcan,K
sevinay,K
sevkal,U
sevkan,U
sevnaz,K
sevsay,K
sevtap,K
seyda,E
seyfali,E
seyfullah,E
seyhan,U
seyithan,E
seyran,U
seyyal,K
seyyare,K
seza,K
sezai,E
sezal,U
sezan,K
sezay,K
sezginay,U
sezginbaş,E
sıba,E
sıdal,E
sıdam,E
sıdar,E
sıddıka,K
sıdıka,K
sıla,U
sılan,E
sıral,E
sıralp,E
sırat,E
sırga,K
sırma,K
sırmahan,K
sıylıhan,E
sima,K
simavi,E
simay,K
simayişems,K
simhan,K
sina,E
sinan,E
sincan,K
sipahi,E
siracettin,E
siraç,E
sirap,K
sitare,K
siva,K
siyavuş,E
solmaz,K
somay,U
sonad,E
sonalp,E
sonat,U
sonay,U
sonbahar,K
sonbay,E
sondal,E
songurhan,E
songurkan,E
sontaç,K
soral,E
soyak,E
soyalp,E
soydan,E
soydaner,E
soydaş,E
soyhan,U
soykal,E
soykan,U
soylubay,E
soysal,E
soysaldı,E
soysaltürk,E
soysan,E
soyupak,E
soyurgal,E
sönmezalp,E
sönmezay,U
sözal,E
sualp,E
suat,U
suavi,E
suay,U
subaşı,E
subay,E
subutay,E
suca,E
sudan,K
suhan,E
suka,E
sukat,E
sultan,U
suna,K
sunal,E
sunalp,E
sunar,U
sunay,U
sunguralp,E
sungurbay,E
sunullah,E
suyurgal,E
suyurgamış,E
suyurgan,E
suzan,K
süalp,E
sübaş,E
sübaşı,E
sübitay,E
südaş,E
süeda,K
süerkan,E
süersan,E
süha,E
sühan,E
sühandan,K
sükan,E
süleyman,E
sülünay,K
sümerkan,E
sümeyra,K
süngütay,E
süphan,E
süreyya,U
süvari,E
süveyda,K
süzülay,K
şad,E
şadan,U
şader,E
şadıman,U
şadi,E
şadiye,K
şaduman,K
şafak,U
şafaknur,K
şafi,E
şafiye,K
şah,E
şahadet,E
şahadettin,E
şahamet,U
şahan,E
şahane,K
şahap,E
şahat,E
şahbanu,K
şahbaz,E
şahbey,E
şahdane,K
şahdar,E
şahende,K
şaheser,K
şahhanım,K
şahıgül,K
şahika,K
şahin,E
şahinalp,E
şahinbay,E
şahinbey,E
şahiner,E
şahinhan,E
şahinkan,E
şahinter,E
şahistan,E
şahittin,E
şahlan,E
şahmelek,K
şahnaz,K
şahnisa,K
şahnur,K
şahruh,E
şahsınur,K
şahsüvar,E
şahvar,K
şahvelet,E
şahver,K
şahzade,E
şahzat,E
şaik,E
şaika,K
şair,E
şaire,K
şakar,U
şakayık,K
şakir,E
şakire,K
şamih,E
şamiha,K
şamil,E
şamile,K
şan,U
şanal,U
şanalp,E
şaner,E
şanlı,E
şanlıbay,E
şansal,U
şansel,K
şanser,K
şanver,E
şar,E
şarbay,E
şarık,E
şarika,K
şatır,E
şayan,U
şayegan,K
şayeste,U
şaylan,U
şazi,E
şaziment,K
şaziye,K
şebap,E
şecaat,E
şefaat,U
şefaattin,E
şefika,K
şefkat,U
şehadet,E
şehadettin,E
şehamet,E
şehbal,K
şehinşah,E
şehnaz,K
şehrazat,K
şehriban,K
şehrinaz,K
şehsüvar,E
şehvar,K
şehzade,E
şehzat,E
şekernaz,K
şekerpare,K
şemail,E
şemsinisa,K
şenal,E
şenalp,E
şenaltan,E
şenay,U
şenbay,E
şencan,U
şendağ,K
şendoğan,U
şenkal,U
şensal,E
şenyaşar,E
şerafet,E
şerafettin,E
şerefhan,E
şerefnaz,K
şetaret,K
şevketfeza,K
şevkinaz,K
şevval,K
şeyda,U
şeydagül,K
şeydanur,K
şeyma,K
şeyyat,E
şıray,K
şifa,K
şimşad,E
şimşekhan,E
şimşekkan,E
şinasi,E
şinaver,E
şipal,E
şirinşah,K
şirvan,E
şirzat,E
şuayp,E
şungar,E
şükran,U
tacal,E
tacettin,E
tacızer,K
taci,E
tacim,E
tacir,E
taciser,K
tacver,E
taç,U
taçeser,K
taçkın,E
taçlı,K
taçlıyıldız,K
taçnur,K
taflan,U
tagan,K
tagangül,K
tagay,E
tağ,E
tağalp,E
tağar,E
tağay,E
tağman,E
taha,E
tahir,E
tahire,K
tahsin,E
tahsine,K
taibe,K
taip,E
takdir,E
taki,E
takiye,K
takiyettin,E
talas,E
talat,U
talay,E
talayer,E
talayhan,E
talaykan,E
talaykoç,E
talaykurt,E
talaykut,E
talayman,E
talaz,E
talha,E
tali,E
talia,K
talibe,K
talih,E
taliha,K
talip,E
taliye,K
talu,E
taluy,E
taluyhan,E
tamal,E
tamam,K
tamar,E
tamay,U
tamaydın,E
tamçelik,E
tamer,E
tamerk,E
tamgül,K
tamkan,E
tamkoç,E
tamkurt,E
tamkut,E
tamtürk,E
tan,U
tanaçan,E
tanaçar,E
tanağar,E
tanak,E
tanal,U
tanalp,E
tanaltan,E
tanaltay,E
tanay,U
tanaydın,U
tanbay,E
tanbek,E
tanberk,E
tanbey,E
tanboğa,E
tanbolat,E
tancan,E
tandan,K
tandoğan,E
tandoğdu,E
tandoğmuş,E
tandoruk,E
tanegül,K
tanel,E
tanelgin,K
taner,U
tanerk,E
tanfer,E
tangör,U
tangüç,E
tangül,K
tangülü,K
tangün,U
tangüner,E
tanhan,E
tanhatun,K
tanık,E
tanın,E
tanır,E
tanırcan,E
tanırer,E
tanış,E
tanju,U
tankan,E
tankoç,E
tankurt,E
tankut,U
tankutlu,E
tanla,E
tanlak,E
tanman,E
tanören,E
tanpınar,E
tanrıkorur,E
tanrıkul,E
tanrıkulu,E
tanrıöver,E
tansal,E
tansan,E
tansel,U
tanseli,K
tansen,E
tanser,U
tanses,K
tansev,U
tanseven,E
tansever,E
tansı,E
tansığ,E
tansık,E
tansoy,E
tansu,U
tansuğ,E
tansuk,E
tantuğ,E
tantürk,E
tanuğur,E
tanver,E
tanyel,U
tanyeli,U
tanyer,U
tanyeri,U
tanyıldız,U
tanyol,U
tanyolaç,E
tanyolu,U
tanyu,U
tanyücel,E
tanyüz,U
tanzer,U
tapduk,E
tapgaç,E
tapık,E
tapınç,E
taplı,E
taptuk,E
tarancı,E
tarçın,K
tardu,E
tarduk,E
targan,E
tarhan,E
tarhun,E
tarı,E
tarık,E
tarım,U
tarıman,E
tarımbike,K
tarımer,E
tarik,E
tarkan,E
tarman,E
tartış,E
taru,E
tasvir,K
taşan,U
taşar,E
taşboğa,E
taşbudak,E
taşcan,E
taşdemir,E
taşdöven,E
taşel,E
taşer,E
taşgan,E
taşhan,E
taşkan,E
taşkent,E
taşkın,E
taşkınel,E
taşkıner,E
taşkıran,E
taştan,E
taştekin,E
tatar,E
tatarhan,E
tatarkan,E
tatlı,K
tatu,U
tav,E
tavgaç,E
tavlan,E
tavlı,E
tavus,K
tavuş,E
tay,E
taya,K
tayak,E
tayanç,E
tayaydın,E
taybars,E
taybek,E
tayberk,E
tayboğa,E
taycan,E
taydaş,E
taydemir,E
tayfun,E
tayfur,E
taygan,E
taygun,E
tayguner,E
tayhan,E
taykara,E
taykoç,E
taykurt,E
taykut,E
tayla,E
taylak,E
taylan,U
taylaner,E
tayman,E
taymaz,E
taypars,E
tayuk,E
tayyar,E
tayyibe,K
tayyip,E
taze,K
tazegül,K
teberdar,E
tekal,E
tekalp,E
tekant,E
tekay,E
tekbay,E
tekcan,E
tekdoğan,E
tekebaş,E
tekebay,E
tekecan,E
tekinal,E
tekinalp,E
tekinay,E
tekindağ,E
tekinhan,E
tekyay,E
temirbay,E
temircan,E
temirhan,E
temirkan,E
temirtaş,E
temizalp,E
temizcan,E
temizhan,E
temizkal,E
temizkan,E
temizsan,E
temürhan,E
temürşah,E
tenay,K
tendübay,E
tengizalp,E
teoman,E
tercan,U
terlan,E
tevfika,K
tevrat,K
tezal,E
tezalp,E
tezay,U
tezcan,U
tezcanlı,E
tezkan,U
tınal,E
tınaz,E
tilmaç,E
timurcan,E
timurhan,E
timurkan,E
timurtaş,E
tiraje,K
toğan,E
toğay,E
tokal,E
tokalan,E
tokalp,E
tokay,E
tokcan,E
tokhan,E
tokkan,E
tokta,E
toktahan,E
toktamış,E
toktaş,E
tokuşhan,E
tokyay,E
tola,U
tolay,E
tolga,E
tolgahan,E
tolgan,E
tolgay,E
tolgunay,U
tolonay,E
tolonbay,E
tolunay,E
tolunbay,E
tongal,E
tongar,E
topa,E
topaç,E
topak,E
topay,U
topaz,K
topçam,E
topçay,E
toprak,U
toralp,E
toraman,E
toran,E
torcan,E
torgay,E
torhan,E
torkal,E
torkan,E
torlak,E
torumtay,E
toyboğa,E
toycan,E
toygar,E
toyka,E
tozan,E
törehan,E
tuba,K
tufan,E
tugay,E
tuğal,E
tuğalp,E
tuğaltan,E
tuğaltay,E
tuğba,K
tuğbay,E
tuğhan,E
tuğkan,E
tuğra,E
tuğsan,E
tuğsav,E
tuğsavaş,E
tuğsavul,E
tuğsavun,E
tuğtaş,E
tuğtay,E
tuğyan,U
tulca,K
tulga,E
tulgar,E
tuman,E
tumay,E
tuna,U
tunacan,E
tunaer,E
tunahan,U
tunakan,E
tunay,E
tunca,U
tuncal,E
tuncalp,E
tuncay,U
tunçal,E
tunçalın,E
tunçalp,E
tunçaral,E
tunçaslan,E
tunçay,E
tunçbay,E
tunçboğa,E
tunççağ,E
tunçhan,E
tunçkan,E
tunçkaya,E
tunçtan,E
tunga,E
tura,E
turaç,U
tural,E
turalp,E
turan,E
turatekin,E
turay,E
turbay,E
turcan,E
turfa,K
turgay,E
turhan,E
turhatun,K
turkan,E
turna,K
tutuhan,E
tuvana,U
tuyan,E
tükelalp,E
tükelay,E
tülay,K
tülcan,K
tülinay,K
tümay,U
tümbay,E
tümcan,U
tümenbay,E
tümenboğa,E
tümerkan,E
tümhan,E
tümkal,E
tümkan,E
tünak,E
tünal,E
tünay,U
tünaydın,U
türehan,E
türkalp,E
türkaslan,E
türkay,U
türkcan,E
türkdoğan,E
türkkan,E
türksan,E
türkyılmaz,E
tüzünalp,E
tüzünkan,U
ubeydullah,E
uca,E
ucaer,E
ucatekin,E
uça,E
uçan,E
uçanay,E
uçanok,E
uçantekin,E
uçantürk,E
uçar,E
uçarer,E
uçarlı,E
uçay,E
uçbay,E
uçhan,E
uçkan,E
uçkara,E
uçma,E
uçmak,U
uçman,E
uflaz,E
ufukay,U
ufuktan,E
ugan,E
uğan,U
uğanbike,K
uğural,E
uğuralp,E
uğurata,E
uğuray,U
uğurcan,U
uğurhan,E
uğurlubay,E
uğursal,U
uğursan,E
uğursay,E
uğurtan,U
uğurtay,E
ulaç,E
ulaçhan,E
ulaçkan,E
ulak,E
ulakbey,E
ulam,E
ular,E
ulaş,E
ulcan,E
ulcay,U
ulualp,E
uluant,E
ulubaş,E
ulubay,E
uluca,E
ulucan,E
uluçağ,E
uluçam,E
uluçkan,E
uludağ,E
uludoğan,E
uluerkan,E
uluhan,E
ulukaan,E
ulukan,E
ulukaya,E
uluman,E
ulunay,U
ulusal,E
ulusan,E
uluşahin,E
uluşan,E
ulutan,E
ulutaş,E
ulutay,E
ulya,K
uma,E
umaç,E
umak,E
uman,E
umar,U
umay,K
umman,U
umran,U
umural,E
umuralp,E
umurbay,E
unan,E
unat,E
ungan,E
ural,E
uralp,E
uraltan,E
uraltay,E
uram,E
uran,E
uras,E
uraz,E
uraza,E
urazlı,E
urhan,E
urkan,E
usal,E
usalan,E
usalp,E
usbay,E
ushan,E
uskan,E
usman,E
usta,E
uşak,E
utkan,E
utman,E
uyar,E
uyaralp,E
uyarel,E
uyarer,E
uygan,E
uygar,E
uyguralp,E
uysal,U
uzalp,E
uzay,U
uzbay,E
uzcan,E
uzhan,E
uzkan,E
uzman,E
uzsan,E
uztan,E
uztaş,E
uztav,E
uztay,E
übeydullah,E
üftade,K
ükkaşe,E
ülgenalp,E
ülkühan,K
ülkütan,E
ümmühan,K
ümran,U
ünal,U
ünalan,E
ünaldı,E
ünalmış,E
ünalp,E
ünay,U
ünkan,E
ünkaya,E
ünsaç,U
ünsal,U
ünsan,E
ünsay,K
ünüvar,E
ünyay,E
ürünay,K
üründübay,E
üstat,E
üstay,E
üstünbay,E
vacibe,K
vacide,K
vacip,E
vacit,E
vafi,E
vafir,E
vafit,E
vaha,E
vahap,E
vahdet,E
vahdettin,E
vahibe,K
vahide,K
vahip,E
vahit,E
vahittin,E
vaiz,E
vakkas,E
vakur,E
valaşan,E
valide,K
vamık,E
vamıka,K
varal,E
varaş,E
vardar,E
vargın,E
varlık,U
varol,E
vasfi,E
vasfiye,K
vasıf,E
vasıl,E
vasıla,K
vassaf,E
vatan,E
vataner,E
vecahet,K
vecahettin,E
veciha,K
veda,K
vedat,E
vedia,K
vefa,U
vefai,E
vefakar,K
vefia,K
vefika,K
velican,E
veliyullah,E
veral,E
verda,K
verdinaz,K
verşan,E
vesamet,U
vicdan,U
vicdani,E
vildan,K
visali,E
visam,E
volkan,E
vural,E
vuslat,K
yada,U
yadacı,E
yadigar,U
yafes,E
yağan,U
yağın,E
yağınalp,E
yağısıyan,E
yağış,K
yağız,E
yağızalp,E
yağızbay,E
yağızboğa,E
yağızer,E
yağızhan,E
yağızkan,E
yağızkurt,E
yağıztekin,E
yağmanaz,K
yağmur,U
yağmurca,E
yahşi,U
yahşibay,E
yahşiboğa,E
yahşihan,E
yahşikan,E
yahşitay,E
yahya,E
yakup,E
yakut,U
yalap,E
yalav,U
yalavaç,E
yalaz,E
yalaza,K
yalazahan,E
yalazakan,E
yalazalp,E
yalazan,U
yalazay,U
yalçın,E
yalçıner,E
yalçınkaya,E
yalçuk,U
yaldırak,E
yaldırım,E
yaldız,K
yalgı,E
yalgın,E
yalgınay,E
yalım,E
yalın,U
yalınalp,E
yalınay,U
yalkı,E
yalkın,E
yalmaç,E
yalman,E
yalt,E
yaltır,E
yaltırak,U
yaltıray,U
yalvaç,E
yamaç,E
yaman,E
yamaner,E
yamanöz,E
yamansoy,E
yamantürk,E
yamanyiğit,E
yamçı,E
yanaç,E
yanal,E
yanar,E
yanbek,E
yanbey,E
yandil,E
yangar,E
yanık,E
yanıker,E
yankı,U
yapalak,E
yapıncak,K
yaprak,K
yararer,E
yaraşık,U
yarcan,K
yardak,E
yargan,E
yargı,E
yarkan,E
yarkaya,E
yarkın,U
yarlık,E
yarluk,E
yarpuz,K
yaruk,E
yasa,E
yasan,E
yasavul,E
yasemin,K
yaser,E
yasin,E
yasun,E
yaşa,E
yaşam,U
yaşanur,U
yaşar,U
yaşartürk,E
yaşdaş,E
yaşık,U
yaşıl,K
yaşın,U
yaşıyan,K
yaşlak,E
yatman,E
yatuk,E
yavaş,E
yaver,E
yavuz,E
yavuzalp,E
yavuzay,E
yavuzbay,E
yavuzboğa,E
yavuzcan,E
yavuzer,E
yavuzhan,E
yavuzsoy,E
yay,E
yayak,E
yayalp,E
yaybörü,E
yaybüke,E
yaygır,E
yayla,U
yaylagül,K
yaylak,E
yazan,E
yazar,E
yazgan,E
yazganalp,E
yazgı,E
yazgül,K
yazgülü,K
yazık,E
yazır,E
yekta,U
yelal,E
yelbay,E
yelboğa,E
yelda,K
yeldan,E
yenal,E
yenay,E
yeneral,E
yertan,E
yesari,E
yetişal,E
yezdan,E
yıbar,E
yılay,K
yılbay,E
yıldanur,K
yıldıralp,E
yıldıran,E
yıldıraner,E
yıldıray,E
yıldızhan,U
yılhan,E
yılkan,E
yılma,E
yılmaz,E
yılmazok,E
yıpar,U
yiğitcan,E
yiğithan,E
yiğitkan,E
yinanç,E
yoğunay,E
yola,E
yolaç,E
yolal,E
yoldaş,E
yoma,E
yonca,K
yordam,E
yordamlı,E
yosma,K
yönal,U
yula,E
yura,E
yurdaal,K
yurdaay,E
yurdacan,E
yurdaer,E
yurdagül,K
yurdakul,U
yurdal,E
yurdanur,U
yurdaser,K
yurdaşen,U
yurdatap,K
yurday,K
yurtal,E
yurtbay,E
yurtcan,E
yurtkuran,E
yurtman,E
yurtsal,E
yurtsan,U
yurtsay,K
yurttaş,E
yücealp,E
yücebaş,E
yücedağ,E
yücelay,E
yücesan,E
yüzüak,E
zade,E
zafer,U
zafir,E
zafire,K
zağnos,E
zahide,K
zahir,E
zahire,K
zahit,E
zaide,K
zaik,E
zaika,K
zaim,E
zait,E
zaki,E
zakir,E
zakire,K
zaman,E
zambak,K
zamir,E
zamire,K
zarif,U
zarife,K
zati,E
zatinur,K
zatiye,K
zehra,K
zekeriya,E
zeliha,K
zennişan,K
zerafet,K
zerefşan,K
zeria,K
zernişan,K
zerrintaç,K
zeycan,E
zeynullah,E
zeyyat,E
ziba,K
zican,K
zikrullah,E
zişan,U
ziya,E
ziyaeddin,E
ziyaettin,E
ziyafet,K
ziyat,E
ziynetullah,E
zoral,E
zuhal,K
zühal,K
züleyha,K
zülfibar,K
zülfikar,E
zülfiyar,K
zülfizar,K
zülfübar,K
zülfüyar,K
zülfüzar,K
zülkarneyn,E
zümra,K
bahir,E
bahire,K
bedel,E
beder,K
bedi,E
bedih,E
bedihe,K
bedir,E
bedis,K
bediz,U
bedrettin,E
bedri,E
bedriye,K
bedük,E
begim,K
begüm,K
beğenç,E
behçet,E
behice,K
behiç,E
behin,K
behire,K
behiye,K
behlül,E
behmen,E
bek,E
bekam,E
bekdemir,E
bekdil,E
bekem,E
beken,K
beker,E
bekir,E
bektöre,E
bektürk,E
belek,E
belen,E
belge,E
belgi,K
belgin,K
beliğ,E
belik,K
belin,K
beliz,K
belkıs,K
bellek,E
belmen,K
bender,E
bendeş,E
benek,K
bener,E
benevşe,K
bengi,U
bengigül,K
bengisoy,E
bengisu,U
bengü,U
bengül,K
benice,K
benli,K
benligül,K
bennur,K
benol,E
bensu,K
benşen,U
bent,E
bentürk,E
benzer,E
berceste,K
bercis,K
bereket,U
beren,U
berfin,U
berfu,K
berge,E
bergin,E
beri,E
berin,U
beriye,K
berk,E
berke,U
berkel,E
berker,E
berki,E
berkin,E
berkiye,K
berkmen,E
berkok,E
berkol,E
berköz,E
berksoy,E
berksu,E
berksun,E
berktin,E
berkün,E
bermude,K
berrin,K
berşe,K
berter,E
besen,U
besim,E
besime,K
beste,K
bestegül,K
beşer,E
beşgül,K
beşir,E
beşire,K
betigül,K
betik,U
betil,K
betim,E
betül,K
beygu,E
beylem,K
beyrek,E
beysun,K
beytekin,E
beytemir,E
beytöre,E
bezek,K
bezen,K
bezmialem,K
bige,K
bigüm,K
bihin,K
bihine,K
bihter,K
bihterin,K
bike,K
bilal,E
bilek,E
bilen,U
bilender,E
bilge,U
bilgeer,E
bilgekurt,E
bilgekut,E
bilgen,U
bilgenur,K
bilger,E
bilgetürk,E
bilgi,U
bilgiç,E
bilgin,E
bilginer,E
bilginur,K
bilgiser,K
bilgü,E
bilgün,K
bilik,E
bilir,U
biliş,K
billür,K
bilmen,E
bilnur,E
bilsen,U
bilsev,K
bilsin,K
biner,E
bingöl,E
bingül,K
bingün,K
binışık,E
biniz,K
binnur,U
bintuğ,E
binzet,K
birben,K
birbenek,K
birce,U
birçek,K
birge,U
birgen,K
birgi,E
birgit,E
birgül,K
birgün,K
biricik,K
birim,K
biriz,U
birke,K
birkök,E
birmen,E
birnur,K
birol,E
birsel,U
birsen,U
birsin,E
birsoy,E
birşen,E
birtek,K
birten,E
bitek,E
bitengül,K
bitim,E
boncuk,K
bor,E
boy,E
boyer,E
boylu,E
boz,E
bozbey,E
bozçin,K
bozdemir,E
bozdeniz,E
bozer,E
bozerk,E
bozkır,E
bozkurt,E
bozok,E
boztepe,E
boztimur,E
bozyel,E
bozyiğit,E
böget,E
böğrek,E
böğürtlen,K
böke,E
böken,E
börçek,E
börk,E
börteçin,E
börü,E
börübey,E
budun,E
bugül,K
buket,K
bulgu,E
buluç,E
bulunç,E
buluş,U
bulut,E
buluttekin,E
bumin,E
burcu,K
burç,E
burçin,U
buruk,E
buruktekin,E
buse,K
buyruk,E
buyrukçu,E
büge,U
büget,E
büğdüz,E
bük,E
büke,U
büklüm,U
bülbül,K
bülent,E
bürçe,E
bürçin,K
bürge,U
bürgü,K
bürküt,E
bürümcek,K
büte,K
bütün,U
cebe,E
ceben,E
cebesoy,E
çeber,E
çelebi,E
çelikbilek,E
çitlembik,K
çölbey,E
demirbüken,E
dilbent,K
dilber,K
dilbeste,K
dilbu,K
dudubikem,K
ebecen,E
ebed,E
ebet,E
ebru,K
ebubekir,E
ecebey,E
edibe,K
ekber,E
elbek,E
elbeyi,E
elbirle,K
elbirlik,K
elçibey,E
elibol,E
erbelgin,E
erben,E
erberk,E
erbey,E
erbil,U
erbilek,E
erbilen,E
erbilir,E
erboy,E
erdibek,E
erdibey,E
erdibike,K
erdibikem,K
eribe,K
feribe,K
gökbel,E
gökbelen,E
gökben,K
gökberk,E
gökbey,E
gökbörü,E
gökbudun,E
gökbulut,E
gökçebel,E
gökçebey,E
görbil,E
gurbet,K
gülbeden,K
gülbek,E
gülben,K
gülbende,K
gülbeniz,K
gülberk,K
gülbeşeker,K
gülbey,E
gülbeyi,E
gülbike,K
gülbikem,K
gülbil,K
gülbin,K
gülbitti,K
gülbiz,K
gülboy,K
gülbu,K
gülbün,K
gülbüz,K
gülebetin,K
gülengübin,K
gülpembe,K
gümberk,E
günbek,E
günbey,E
gündüzbey,E
güngörbey,E
gürbüz,U
heybet,E
hürbey,E
ışınbike,K
ibik,E
ibili,K
ibiş,E
ibo,E
içimbike,K
ilbeg,E
ilbek,E
ilbey,E
ilbeyi,E
ilbike,K
ilbilge,U
ilbozdu,E
ilbudun,E
incebey,E
isenbike,K
izbörü,E
izbudun,E
izbul,E
katibe,K
kebir,E
kebire,K
kebuter,K
kelebek,K
kırbörü,E
kızgınbey,E
kızılbörü,E
kiçkinebike,K
koçbörü,E
koçubey,E
konurbey,E
kutbiye,K
lebibe,K
lebip,E
lebriz,K
mebruk,E
mebruke,K
mebrur,E
mebrure,K
mebus,E
mebuse,K
mengüberti,E
mergube,K
mevhibe,K
muhibbe,K
muhibbi,E
mukbil,E
mukbile,K
muştubey,E
muteber,U
mübeccel,K
mübeyyen,K
mübin,E
mübine,K
mühibe,K
münibe,K
nebi,E
nebih,E
nebihe,K
nebil,E
nebile,K
nebiye,K
necibe,K
nesibe,K
nevber,K
nilberk,K
nuhbe,K
nurben,K
nurbige,K
oben,E
obuz,E
oğulbey,E
okbudun,E
orbek,E
öbek,E
ölmezbey,E
özbek,U
özben,U
özberk,E
özbey,E
özbil,U
özbilek,U
özbilen,U
özbilge,U
özbilgin,E
özbilir,U
özbir,E
özcebe,E
pembe,K
pembegül,K
rebi,E
rebii,E
rebiyye,K
rehber,E
sebih,E
sebil,U
sebile,K
sebla,K
sebu,K
sebük,E
sebüktekin,E
serbülent,E
sibel,K
simber,K
soylubey,E
subegi,E
subhi,E
subhiye,K
sulbiye,K
sülünbike,K
sümbül,K
sümbülveş,K
sünbüle,K
şebnem,K
şebnur,K
şekibe,K
şerbet,K
şirinbegim,K
şirinbige,K
teber,E
teberhun,E
teberrük,K
tebessüm,K
tebrik,E
tekbek,E
tekbey,E
tekbir,E
tekebey,E
tellibey,E
tibet,E
tilbe,K
tolunbike,K
tosunbey,E
tunçbilek,E
tunçbörü,E
tüblek,E
ubeyde,K
ubeyt,E
uçbeyi,E
uğurlubey,E
ulubek,E
uluberk,E
ulubey,E
uluğbey,E
umurbey,E
urbeyi,E
usberk,E
usbey,E
usunbike,K
übeyd,E
übeyde,K
übeyt,E
übük,K
ünübol,U
vecibe,K
vehbi,E
vehbiye,K
yolbul,E
zebercet,K
zobu,E
zorbey,E
zübeyde,K
zübeyr,E
cedide,K
celadet,E
celal,E
celalettin,E
celali,E
celasun,E
celayir,E
celil,E
celile,K
cem,E
cemi,E
cemil,E
cemile,K
ceminur,K
cemre,U
cemşir,E
cemşit,E
cengaver,E
cenger,E
cengiz,E
cenk,E
cenker,E
cennet,K
ceren,K
cerit,E
cesim,E
cesur,E
cevdet,E
cevher,U
cevheri,E
cevri,E
cevriye,K
ceyhun,U
ceylan,K
cezlan,E
cezmi,E
cilvekar,K
cimşit,E
cindoruk,E
coşku,E
coşkun,E
coşkuner,E
coşkunsu,E
cömert,E
cuci,E
cudi,E
cudiye,K
culduz,E
cumhur,E
cumhuriyet,E
cündi,E
cüneyt,E
delice,E
dicle,K
domurcuk,K
ece,U
ecegül,K
ecemiş,E
ecenur,K
ecer,U
ecevit,E
ecir,E
ecmel,U
ecvet,E
ekinci,E
emcet,E
erce,E
erciyes,E
ercüment,E
erincek,E
erincik,E
evcil,U
evcimen,U
evecen,K
fecir,K
fecri,E
fecriye,K
gelincik,K
gence,E
gencel,E
gencer,E
genco,E
gonce,K
göcek,E
gökcen,U
gücel,E
gücer,E
gücümen,E
gülce,K
gülece,K
gülinci,K
güvercin,K
güzelce,K
hicret,U
huceste,K
hüccet,E
hüceste,K
iclal,K
imece,K
ince,U
incesu,E
inci,K
inciden,K
incifem,K
incifer,K
incigül,K
incila,K
incilay,K
incinur,K
incisel,K
inciser,K
ivecen,E
iyicil,E
kıvılcım,U
korucu,E
mecdi,E
mecdut,E
mecide,K
mecit,E
mecittin,E
mecnun,E
mehcur,E
mehcure,K
mengücek,E
mescur,E
mevcude,K
mevcut,E
mucide,K
mucip,E
mucit,E
mucize,K
müceddet,K
mücella,K
mücessem,K
mücevher,K
münci,E
münciye,K
necdet,E
necile,K
necip,E
necla,K
necmi,E
necmiye,K
necve,K
netice,K
öncel,U
öncü,E
öncüer,E
özgeci,E
recep,E
selcen,U
sencer,E
tecelli,U
tecen,E
tecer,U
teceren,E
tecim,E
tecimen,E
tecimer,E
tecir,E
ticen,K
tomurcuk,K
tuğcu,E
tuncel,E
tuncer,E
ülkücü,E
vecdet,E
vecdi,E
vechi,E
vechiye,K
vecih,E
vecihe,K
vecihi,E
vecit,E
yüce,U
yüceer,E
yücel,U
yücelen,U
yücelt,E
yücelten,E
yücenur,K
yücesoy,E
yücetekin,E
yücetürk,E
çeçen,E
çekik,E
çekim,E
çekin,E
çelem,E
çelen,E
çelenk,E
çelik,E
çelikel,E
çeliker,E
çelikiz,E
çelikkol,E
çeliköz,E
çeliksu,E
çelikten,E
çeliktürk,E
çelikyürek,E
çelim,E
çeltik,E
çender,E
çengiz,E
çepni,E
çerçi,E
çeri,E
çerkez,E
çerme,E
çetik,E
çetin,E
çetinel,E
çetiner,E
çetinok,E
çetinöz,E
çetinsoy,E
çetinsu,E
çetintürk,E
çetinyiğit,E
çevik,E
çevikel,E
çeviker,E
çeviköz,E
çevrim,E
çeyiz,K
çığ,E
çığıl,E
çığır,U
çıngı,E
çıvgın,E
çiçek,K
çiftçi,E
çiğdem,K
çiğil,E
çiğlez,E
çilek,K
çilen,K
çilenti,K
çiler,K
çimen,K
çin,E
çinel,U
çiner,E
çinerk,E
çingiz,E
çinkılıç,E
çinuçin,E
çisen,K
çisil,K
çoker,E
çoku,E
çopur,E
çotuk,E
çotur,E
çökermiş,E
çöyür,E
demirgüç,E
demirkoç,E
demirpençe,E
dikeç,E
dinç,E
dinçel,U
dinçer,E
dinçerk,E
dinçkol,E
dinçkök,E
dinçmen,E
dinçok,E
dinçol,E
dinçöz,E
dinçsel,E
dinçsoy,E
dinçsü,E
dinçtürk,E
direnç,E
elçi,E
elçim,K
elçin,U
emeç,E
enç,E
eneç,E
erçelik,E
erçetin,E
erçevik,E
erçil,K
erdinç,E
erengüç,E
ergenç,E
ergüç,E
ergüleç,E
ergüvenç,E
erinç,U
erinçer,E
erkılıç,E
erkoç,E
erseç,E
ersevinç,E
ertunç,E
fereç,E
genç,E
gençel,E
gençer,E
gençsoy,E
gençsu,E
gençtürk,E
gerçek,E
gerçeker,E
girginkoç,E
göçen,E
göçer,E
göçmen,E
göğünç,K
gökçe,U
gökçeer,E
gökçek,U
gökçel,U
gökçem,K
gökçen,U
gökçer,E
gökçesu,E
gökçil,E
gökçin,U
gökçül,E
gökçün,E
göktunç,E
gönç,E
gönenç,U
görgüç,E
göyünç,E
gözenç,K
güç,E
güçel,E
güçeren,E
güçermiş,E
güçlü,E
güçlüer,E
güçlütürk,E
güçmen,E
güçsel,E
güçyener,E
güçyeter,E
gülçe,K
gülçehre,K
gülçiçek,K
gülçimen,K
gülçin,K
gülçün,K
güleç,U
güleçer,E
gümeç,E
günçe,E
günçiçeği,K
günçiçek,K
güneç,E
güvenç,U
hiçsönmez,E
içim,K
içli,U
içöz,E
içten,U
ilçi,E
ilginç,E
kılıç,E
kılıçel,E
kılıçer,E
kılınç,E
kırçiçek,K
kızıltunç,E
kiçi,E
koç,E
koçer,E
koçsoy,E
koçtuğ,E
koçtürk,E
koçu,E
koçyiğit,E
konçuy,K
köçeri,E
laçin,E
mehmetçik,E
mengüç,E
meriç,U
nurçin,K
okçun,E
okgüç,E
okgüçlü,E
oktunç,E
olçun,E
opçin,E
orçun,E
ortunç,E
oruç,E
oytunç,E
öğrünç,E
öğünç,E
ölçüm,E
ölçün,E
öndünç,E
öveç,E
övgünç,K
övünç,U
özçelik,E
özçevik,E
özçın,E
özdinç,E
özdinçer,E
özenç,U
özerdinç,E
özerinç,E
özgenç,E
özgüç,E
özgüleç,E
özkoç,E
özokçu,E
öztunç,E
perçem,K
periçehre,K
pürçek,K
seçen,E
seçgül,K
seçik,K
seçil,K
seçim,E
seçkin,U
seçkiner,E
seçme,E
seçmeer,E
seçmen,E
seçmener,E
selçuk,U
selçuker,E
selgüç,E
serdengeçti,E
serdinç,E
sevinç,U
sonuç,U
sorguç,E
soydinç,E
soydinçer,E
soyselçuk,E
tekçe,E
temuçin,E
timuçin,E
tonguç,E
tuğçe,K
tunç,E
tunçdemir,E
tunçel,E
tunçer,E
tunçkılıç,E
tunçkol,E
tunçkurt,E
tunçok,E
tunçöven,E
tunçsoy,E
tunçtürk,E
tunguç,E
tümkoç,E
uç,E
uçkun,U
uçuk,E
uçur,U
uluç,E
ulumeriç,E
üçe,E
üçel,U
üçer,E
üçgül,K
üçışık,U
üçkök,E
üçok,E
üçük,E
ünüçok,E
yoruç,E
adem,E
dahi,E
dana,E
dede,E
define,K
defne,K
değer,U
değmeer,E
dehri,E
delal,E
demet,K
demhoş,K
demir,E
demirdelen,E
demirdöven,E
demirel,E
demirer,E
demirezen,E
demirgülle,E
demiriz,E
demirkol,E
demirkök,E
demirkurt,E
demirkut,E
demirok,E
demirol,E
demiröz,E
demirsoy,E
demirtekin,E
demirtuğ,E
demirtürk,E
demiryürek,E
demren,E
dengiz,E
dengizer,E
deniz,U
denizel,E
denizer,E
denizmen,E
deniztekin,E
denk,E
denkel,E
denker,E
denli,E
denlisoy,E
deren,U
derenel,E
derin,U
derinkök,E
derinöz,E
derlen,E
derviş,E
deste,K
destegül,K
devin,U
deviner,E
devlet,U
devlettin,E
devrim,U
devrimer,E
didem,K
didim,E
dik,E
dikel,E
diken,E
diker,E
dikey,E
dikmen,U
diksoy,E
dil,E
dila,K
dilan,K
dilaşup,K
dilaver,E
dilderen,K
dilefruz,K
dilege,K
dilek,K
dilem,K
dilemre,E
diler,U
dilfigar,K
dilfiruz,K
dilge,U
dilhun,K
dilhuş,K
dilmen,U
dilnişin,K
dilnur,K
dilsuz,K
dilşen,K
dilşikar,K
dilyar,E
diren,E
diri,E
dirik,E
diriker,E
dirikök,E
diril,E
dirim,E
dirimtekin,E
dirin,E
diriner,E
dirisoy,E
dirlik,U
doğru,E
doğruel,E
doğruer,E
doğruol,E
doğruöz,E
doğu,U
doğuer,E
doğuş,E
dolun,U
doru,E
doruk,E
dorukkurt,E
dorukkut,E
doruktekin,E
doruktepe,E
dost,E
dölek,E
dölen,U
dölensoy,E
döndü,K
döne,K
dönmez,E
dönmezer,E
dönmezsoy,E
dönmeztekin,E
dönü,E
dönüş,K
dudu,K
duhter,K
dumlu,E
dumrul,E
durdu,U
durgun,E
durguner,E
durgunsu,E
durkız,K
durmuş,E
dursun,E
dursune,K
durşen,E
duru,U
durugül,K
duruiz,E
duruk,E
durul,E
duruöz,E
durusel,E
durusoy,E
durusu,E
durutekin,E
durutürk,E
duşize,K
duygu,U
duygun,K
duyu,E
dülge,E
dülger,E
düri,K
düriye,K
dürnev,K
dürri,E
düşün,E
düşünsel,E
düzel,E
düzey,E
düzgün,E
ede,E
edgü,E
edgüer,E
edhem,E
edip,E
edis,K
ediz,U
efendi,E
efgende,E
ehed,E
ejder,E
eldem,U
eldemir,E
elidemir,E
elverdi,E
ender,U
erdem,E
erdemer,E
erdemir,E
erdemli,E
erden,U
erdener,E
erdeniz,E
erdeşir,E
erdi,U
erdil,E
erdilek,E
erdin,E
erdiner,E
erdoğ,E
erdoğdu,E
erdoğmuş,E
erdöl,E
erdölek,E
erdönmez,E
erdur,E
erdurdu,E
erdurmuş,E
erdursun,E
erduru,E
erendemir,E
erendiz,U
ergüden,E
ergüder,E
eryıldız,E
esendemir,E
evdegül,K
ferdi,E
ferdiye,K
ferhunde,K
feride,K
feridun,E
fermude,K
ferzend,E
fide,K
firdevs,K
firdevsi,E
füruzende,K
gedik,E
gediz,U
gökdemir,E
gökdeniz,E
göndem,E
gönder,E
gönülden,K
gönüldeş,E
gözde,K
güdek,E
güder,E
güldeğer,K
güldehen,K
güldem,K
güldemet,K
gülden,K
güldeniz,K
güldenur,K
gülder,K
gülderen,K
güldermiş,K
güldeste,K
güldilek,K
güldöne,K
güldüren,K
gülender,K
gülfide,K
gündemir,E
günden,U
gündeniz,E
günder,E
gündeş,E
gündoğdu,E
gündoğmuş,E
gündöndü,E
gündüz,U
güngördü,E
güzide,K
hediye,K
hemdem,E
hıdır,E
hurşide,K
ıdık,E
ıdıkut,E
ıldır,U
ıldız,U
idi,E
idikurt,E
idikut,E
idil,K
idris,E
iğdemir,E
ildem,E
ildemer,E
ildemir,E
ilden,K
ildeniz,U
ildeş,U
iskender,E
işgüden,E
işgüder,E
jülide,K
kızıldemir,E
kuddus,E
kuddusi,E
kudret,U
kudsiye,K
ledün,E
medeni,E
medet,E
medide,K
medih,E
medine,K
medit,E
mehdi,E
mehdiye,K
melodi,K
memduh,E
menderes,E
merdi,E
mesude,K
mevdut,E
mevlide,K
mevlüde,K
mevlüde,K
mezide,K
muktedir,E
muslihiddin,E
müderris,E
müdrik,E
müdrike,K
müeddep,K
müfide,K
müjde,K
müldür,E
müride,K
mürşide,K
müveddet,K
nedim,E
nedime,K
nedret,U
neşide,K
nevide,K
nurdide,K
nurdil,K
nurdoğdu,K
nurfide,K
nüvide,K
od,E
oder,E
okdemir,E
okverdi,E
orkide,K
ödül,U
önder,U
önderol,E
öndeş,E
öründü,E
özdeğer,E
özdek,E
özdel,E
özdemir,E
özden,U
özdener,U
özderen,K
özdeş,U
özdil,E
özdilek,U
özdoğdu,E
özdoğmuş,E
özdoğru,E
özdoru,E
özdoruk,E
özdurdu,E
özduru,E
özdurul,E
özdurum,E
özender,E
özerdem,E
özerdim,E
özönder,E
özüdoğru,E
özverdi,E
pekdeğer,K
peride,K
remide,K
reside,K
reşide,K
reşididdin,E
rüveyde,K
rüvide,K
sedef,K
seden,K
sedit,E
semender,E
serdil,K
sevde,K
sevdiye,K
sevgideğer,E
sevindik,E
seydi,E
seyyide,K
sıddık,E
sıdkı,E
sıdkıye,K
sidre,K
simden,K
sude,K
sudi,E
sudiye,K
suudi,E
suzidil,K
süerdem,E
süerden,E
sündüs,K
süveyde,K
şemdin,E
şendeniz,K
şendil,K
şendur,E
şengeldi,U
şermende,K
şevkidil,K
şide,E
tedü,E
tendü,U
tendürek,E
tepedelen,E
tevhiddin,E
tevhide,K
tokdemir,E
topdemir,E
toydemir,E
toydeniz,E
tümerdem,E
türkdoğdu,E
ufukdeniz,E
uldız,E
umdu,E
urundu,E
ülküdeş,U
üngördü,E
ünüdeğer,E
ünverdi,E
üründü,E
vedi,E
vedide,K
vedit,E
velide,K
veliyüddin,E
verdi,E
yarıdil,K
yedier,E
yediger,E
yediveren,K
yıldıku,K
yıldır,E
yıldırer,E
yıldırım,E
yıldız,K
yurdum,K
yurdusev,U
yurduşen,E
zeyneddin,E
zühdi,E
alem,E
asiye,K
atike,K
atiye,K
azime,K
efe,E
efgen,E
efkar,E
eflatun,U
efruz,E
efser,U
efsun,K
ege,U
egemen,U
egenur,K
egesel,E
eğilmez,E
eğrek,E
ehil,K
ehlimen,E
eke,E
ekemen,E
eken,E
ekenel,E
ekener,E
ekim,U
ekin,U
ekiner,E
ekmel,E
ekrem,E
ela,K
elanur,K
elgin,U
elif,K
elife,K
elik,K
elitez,E
eliuz,E
eliüstün,E
elöve,E
elöver,E
elver,E
elveren,E
emek,U
emel,K
emet,E
emin,E
emine,K
eminel,E
emir,E
emoş,K
emre,E
emri,E
emriye,K
ener,E
eneren,E
energin,E
enes,E
enfes,K
engin,U
enginel,E
enginer,E
enginiz,U
enginsoy,E
enginsu,U
engiz,E
engür,E
enis,E
enise,K
enmutlu,E
enver,E
er,E
erek,E
ereken,E
erel,U
erem,U
eren,U
erenel,E
erengül,K
erengün,K
erenler,E
erenöz,E
erensoy,E
erensü,E
erentürk,E
erenuluğ,E
erer,E
erge,K
ergem,K
ergen,E
ergenekon,E
ergener,E
ergi,E
ergil,E
ergin,E
erginel,E
erginer,E
erginsoy,E
ergintuğ,E
ergök,E
ergökmen,E
ergönen,E
ergönül,E
ergör,E
ergun,E
erguner,E
ergül,U
ergülen,U
ergüler,U
ergümen,E
ergün,U
ergüner,E
ergüneş,E
ergüney,E
ergüven,E
erhun,E
erışık,E
erik,E
eriker,E
erim,U
erimel,E
erimer,E
erin,U
erip,E
eripek,E
eriş,U
erişen,K
erişkin,E
eriz,E
erk,E
erke,U
erkel,E
erker,E
erkın,E
erkınel,E
erkış,E
erkin,U
erkinel,E
erkiner,E
erkmen,E
erkmenol,E
erkol,E
erksoy,E
erksun,E
erktin,E
erkul,E
erkunt,E
erkurt,E
erkuş,E
erkut,E
erkutlu,E
erlik,E
ermiş,E
ermiye,K
ermutlu,E
ernur,E
eroğlu,E
eroğul,E
eroğuz,E
erol,E
eröge,E
eröz,E
ersel,E
ersen,E
erserim,E
ersev,E
erseven,E
ersever,E
ersevin,E
ersezen,E
ersezer,E
ersin,E
erson,E
ersoy,E
ersöz,E
ersu,E
ersun,E
ersü,E
erşen,E
erşet,E
erte,E
ertek,E
erteke,E
ertekin,E
ertem,E
erten,U
ertim,E
ertin,E
ertingü,E
ertok,E
ertop,E
ertöre,E
ertuğ,E
ertuğrul,E
ertut,E
ertün,E
ertüre,E
ertürk,E
ertüze,E
ertüzün,E
erülgen,E
erün,E
erüstün,E
ervin,K
eryetiş,E
eryiğit,E
erzi,E
ese,E
esen,U
esenel,E
esener,E
esengül,K
esengün,K
esenkul,E
esentimur,E
esentürk,E
eser,U
esergül,K
esim,U
esin,U
esiner,E
eskin,E
eslek,E
esmer,K
esvet,E
eşe,K
eşim,K
eşin,K
eşit,E
eşkin,E
eşmen,U
eşref,E
ethem,E
eti,E
etik,K
etike,K
evgin,E
evin,K
evirgen,E
evnur,K
evren,U
evrensel,E
evrim,U
evrimer,E
evsen,E
evşen,E
eylem,E
eylül,U
eymen,E
eyüp,E
ezel,U
ezeli,K
ezgi,K
ezgin,K
ezgü,E
ezgüer,E
ezgütekin,E
fakihe,K
fehim,E
fehime,K
fehmi,E
fehmiye,K
felat,E
felek,U
fenni,E
fenniye,K
fer,E
fergün,K
ferhun,E
feri,K
ferih,E
feriser,K
ferişte,K
ferit,E
feriz,E
fernur,K
ferruh,E
fersoy,E
feruze,K
ferve,K
fesih,E
fethi,E
fethiye,K
fetih,E
fevzi,E
fevziye,K
feyiz,E
feyzettin,E
feyzi,E
feyziye,K
figen,K
fikret,U
fikrettin,E
fikriye,K
filizer,E
firuze,K
fügen,K
fütüvvet,E
gelener,E
gelengül,K
gelin,K
gelinkız,K
genez,E
gevher,K
gevheri,E
gezer,K
gezgin,E
gezginer,E
girginer,E
gizem,K
gizer,E
gizmen,E
göğem,U
göğen,E
gökel,E
göken,E
göker,E
gökmen,E
gökmener,E
gökmete,E
göknel,E
gökperi,K
göksel,U
gökselen,K
göksen,U
göksenin,E
gökser,E
göksev,U
gökseven,E
göksever,E
gökşen,U
gökten,E
göktöre,E
gölge,K
gönen,E
gönener,E
görez,K
görkel,E
görkem,U
görkemli,U
görker,E
görkey,E
görkmen,E
görksev,E
görsev,K
gövem,K
gövez,E
göymen,E
göze,K
gözegir,E
gözem,U
gözlem,K
güfte,K
güher,K
gülafet,K
gülaver,K
güleğen,E
gülek,E
gülel,E
gülen,K
gülener,E
gülengül,K
gülennur,K
güler,K
güleren,K
gülergin,U
gülergün,U
gülersin,K
güleryüz,E
gülesen,K
güleser,K
gülesin,K
gülev,K
gülfem,K
gülfer,K
gülgen,K
gülgez,K
gülgüne,K
gülgüney,K
gülgüzel,K
gülipek,K
gülmen,E
gülneşe,K
gülören,K
gülözer,K
gülperi,K
gülrenk,K
gülsel,K
gülseli,K
gülselin,K
gülsemin,K
gülsen,K
gülser,K
gülseren,K
gülserim,K
gülsev,K
gülseven,K
gülsever,K
gülsevi,K
gülsevil,K
gülsevin,K
gülsezer,K
gülsezin,K
gülsinem,K
gülsüme,K
gülşehri,K
gülşeker,K
gülşen,K
gülşeref,K
gülşerif,K
gültekin,E
gülten,K
gülter,K
gülümser,K
gülümşen,K
gülver,K
gülveren,K
gülzemin,K
gümüştekin,E
günel,U
güner,U
güneren,E
günergin,E
güneri,E
günerim,K
güneş,U
güneşen,E
güney,U
günfer,K
güngören,U
güngöze,E
günsel,U
günseli,K
günsenin,K
günser,U
günseren,K
günşen,U
güntekin,E
günten,K
güntöre,E
günver,U
günyeli,E
gürel,K
gürer,E
gürsel,U
gürselin,K
gürsen,K
gürses,K
gürsev,K
gürsevil,K
gürşen,K
gürten,K
güven,U
güze,K
güzel,K
güzey,K
hakime,K
halet,U
hekim,E
heper,E
hepgül,K
hepşen,K
hepyener,E
hepyüksel,E
heves,K
hıfziye,K
hızlıer,E
hikmet,U
hikmettin,E
hilmiye,K
himmet,E
hoşsel,K
hoşsen,K
hoşses,K
hoşten,K
hulkiye,K
hurisel,K
huriser,K
huriye,K
hurrem,K
hükmiye,K
hüner,E
hürmet,U
hürrem,K
hürriyet,U
hürsel,U
hürsen,K
hürsev,E
hürşen,K
hüseyin,E
hüsmen,E
hüsne,K
hüsniye,K
hüsnügüzel,K
hüsnüye,K
hüsrev,E
ışıker,E
ışıner,E
iffet,U
ilergin,E
ileri,E
ilerigün,E
ilke,U
ilker,E
ilksel,K
ilksen,K
ilksev,K
ilkşen,K
ilmen,E
ilmiye,K
ilsev,E
ilseven,E
ilsever,E
ilşen,K
iltekin,E
iltemir,E
iltemiz,E
iltemür,E
ilter,U
ilteriş,E
iltüze,E
ime,K
imer,U
imge,K
imre,E
imren,U
ipek,K
ipekel,K
ipekten,K
irem,K
iren,E
irtek,E
isen,K
isenkutluğ,K
ismet,U
işmen,E
işseven,E
işsever,E
işvekar,K
ivegen,E
iyem,U
iyimser,U
iyiyürek,E
izel,K
izem,U
izzet,E
izzettin,E
kamile,K
kaşife,K
kazime,K
kekik,K
keklik,K
kelami,E
keleş,E
keleştimur,E
kemter,E
kent,E
kenter,E
kepez,E
kerem,E
kerim,E
kerime,K
kermen,E
kesek,E
kesim,E
keskin,E
keskinel,E
keskiner,E
keşfi,E
keşfiye,K
kete,E
keven,E
kevkep,U
kevni,E
kevser,K
key,E
keyfi,E
kezer,E
kınel,E
kıner,E
kırteke,E
kırtekin,E
kısmet,U
kıymet,K
kiper,E
kirmen,E
korel,E
korer,E
koryürek,E
koşuktekin,E
kökel,E
köken,E
köker,E
köklem,E
kökten,E
kömen,E
körnes,E
körpe,K
köse,E
kösem,K
kösemen,U
kösten,E
köşek,E
köşker,E
köymen,E
közer,E
kumriye,K
kutsel,K
kutseli,K
kuzey,E
lale,K
lalegül,K
laleruh,K
lamiye,K
latife,K
lemi,E
lemiye,K
lerze,K
lerziş,K
levent,E
levin,E
leyla,K
leylagül,K
leyli,K
leylifer,K
leylüfer,K
leziz,K
lezize,K
lütfiye,K
mefküre,K
meftun,E
meftune,K
mehip,E
mehir,K
mehmet,E
mehru,K
mehti,E
mehtiye,K
mehveş,K
mekin,E
mekki,E
melek,K
meleknur,K
melekper,K
melekru,K
melen,E
melih,E
melik,E
melike,K
melis,K
meliz,K
meltem,K
melül,U
memik,E
memiş,E
memnun,E
memnune,K
memo,E
memun,E
menekşe,K
menevşe,K
mengi,E
mengli,K
mengüş,K
mengü,U
mengüer,E
mengütekin,E
mensup,E
mensur,E
mensure,K
menşur,E
menşure,K
menzur,E
menzure,K
mergen,E
mergup,E
merih,U
mersin,E
mert,E
mertel,E
merter,E
mertkol,E
mertol,E
merttürk,E
merve,K
meryem,K
merziye,K
merzuk,E
meserret,K
mesih,E
mesrur,E
mesrure,K
mestur,E
mesture,K
mesure,K
mesut,U
meşhur,E
meşkür,E
meşküre,K
meşru,E
mete,E
methiye,K
metin,E
metine,K
metiner,E
mevlit,E
mevlüt,E
mevlüt,E
mevsim,K
mevzun,E
mevzune,K
meyil,K
meymun,E
meymune,K
mezit,E
meziyet,K
mezun,E
mihine,K
mihriye,K
mine,K
minnet,K
mirkelam,E
muhlise,K
muhsine,K
muhterem,U
muhteşem,U
muine,K
mukime,K
munise,K
muslihe,K
mutluer,E
mutlutekin,E
mutver,E
müesser,U
müeyyet,U
müferrih,U
müge,K
mükerrem,U
mükevven,K
mükremin,E
mükrime,K
mülhime,K
mülket,E
mümine,K
münevver,K
münife,K
münime,K
münire,K
müren,U
mürsel,E
mürüvvet,K
müsevver,K
müslime,K
müslüme,K
müstenir,E
müstenire,K
müşerref,U
müşküle,K
müştehir,E
müyesser,K
müzehher,K
müzekker,E
müzeyyen,K
nefer,E
nefi,E
nefis,U
nefise,K
nehip,E
nehir,K
nehire,K
nehri,E
nejla,K
nemutlu,U
neptün,K
nergis,K
nergise,K
nerim,E
nermi,E
nermin,K
nesil,E
nesim,E
nesime,K
nesimi,E
nesip,E
nesli,K
nesligül,K
nesrin,K
nesteren,K
neşe,K
neşegül,K
neşem,K
neşenur,K
neşet,E
neşever,K
neşit,E
neşve,K
neveser,K
nevfel,E
nevgül,K
nevhiz,K
nevin,K
nevinur,K
nevir,K
nevit,E
nevres,U
nevreste,K
nevrettin,E
nevri,E
nevriye,K
nevruz,U
neyire,K
neyyire,K
neyyiri,E
neyzen,E
nezih,E
nezihe,K
nezihi,E
nezir,E
nezire,K
nilüfer,K
nimet,U
niyet,K
nuralem,K
nurel,U
nurer,E
nurersin,E
nurettin,E
nurfer,K
nuriye,K
nurmelek,K
nurper,K
nurperi,K
nursel,U
nurselen,K
nurseli,K
nursen,K
nursenin,K
nurser,K
nurseren,K
nursev,K
nurseven,K
nursevil,K
nursevim,K
nursevin,K
nursine,K
nurşen,K
nurtek,K
nurtekin,E
nurten,K
nurver,U
nurveren,K
nurzen,K
nurzer,K
nusret,U
nusrettin,E
nükhet,K
nüzhet,U
oğultekin,E
oğuzer,E
oker,E
okergin,E
oksev,E
okseven,E
oksever,E
oktüre,E
oktüremiş,E
okver,E
olguner,E
onel,E
oner,E
onerim,E
onguner,E
ongüner,E
ongüneş,E
onuker,E
onuktekin,E
onursev,E
onurseven,E
öge,U
öger,E
öget,U
ögetürk,E
öğe,E
öğet,E
öğmen,E
öke,U
ökeer,E
ökelik,E
öker,E
ökkeş,E
ökmen,E
ökmener,E
ökte,E
öktem,E
öktemer,E
ökten,E
öktener,E
ölen,E
ölmez,U
ömer,E
önel,E
önemli,E
önen,E
öner,U
öneri,E
öneş,E
öney,U
öngel,E
öngen,E
öngören,E
önsel,E
ören,U
örenel,E
örengül,K
örfiye,K
örge,K
örgen,E
örnek,U
örsel,E
örüner,E
öryürek,E
öşme,K
ötleğen,K
ötüken,E
övet,E
öymen,E
özek,E
özel,U
özen,U
özengin,E
özengül,K
özenir,K
özenli,K
özer,U
özerek,E
özerk,E
özerkin,E
özerkmen,E
özerol,E
özertem,E
özge,U
özgeer,E
özgen,U
özgener,E
özger,E
özgünel,K
özgüner,E
özgüneş,U
özgüney,K
özgürel,E
özgüven,E
özilter,E
özipek,K
özke,E
özkent,E
özker,E
özlek,E
özlem,K
özlen,U
özlenen,K
özler,U
özleyiş,K
özlüer,E
özmen,U
özmert,E
özöğe,E
özpeker,E
özpetek,U
özsel,U
özselen,U
özsevi,U
özsüer,E
özşen,E
öztek,E
öztekin,E
özten,K
öztinel,E
öztiner,E
özüpek,E
özver,E
özveren,E
özveri,U
özvermiş,E
pek,K
peköz,K
peksu,K
pekşen,K
pelin,K
pelit,K
peren,K
peri,K
perinur,K
periru,K
periveş,K
perize,K
permun,K
pertev,E
peruze,K
perver,K
pervin,K
perviz,K
pesen,K
pesent,K
petek,K
peyker,K
piruze,K
prenses,K
püren,K
pürfer,K
pürşen,K
refet,U
refettin,E
refi,E
refiğ,E
refih,E
refihe,K
refii,E
refik,E
refiye,K
reis,E
rekin,E
rekine,K
remzi,E
remziye,K
rengin,K
reset,E
resmi,E
resmigül,K
resmiye,K
resul,E
reşik,E
reşit,E
reviş,U
rezin,U
rıfkıye,K
ruhişen,K
ruhiye,K
ruhsen,K
ruhşen,K
rukiye,K
ruşen,U
ruziye,K
rüknettin,E
rüstem,E
rüştiye,K
sefer,U
seferi,E
seğmen,E
seher,K
sehergül,K
sehi,E
sekine,K
sel,K
selah,E
selahi,E
selam,E
selamet,U
selamettin,E
selami,E
selatin,E
selek,E
selekmen,E
selen,U
seler,E
selışık,U
selışıl,K
selışın,K
selim,E
selime,K
selin,K
selmi,E
selmin,K
selnur,K
selok,E
selvet,K
selvi,U
semen,K
semih,E
semin,K
semine,K
semir,E
semire,K
semiye,K
semuh,E
senem,K
sener,E
senger,E
sengül,K
sengün,K
seni,E
senih,E
seniye,K
sennur,K
senol,E
seren,U
serener,E
serengül,K
sergen,E
sergin,E
sergül,K
sergün,K
serhenk,E
serhun,E
serim,E
serimer,E
serin,U
seringül,K
serkut,E
sermelek,K
sermet,U
sermin,K
sernur,K
serol,E
serpil,K
serpin,K
sertel,E
serter,E
sertuğ,E
server,E
servet,U
servi,U
seven,U
sevener,E
sevengül,K
sevengün,K
sever,U
sevgen,U
sevgi,K
sevgili,K
sevgim,K
sevginur,K
sevgisun,K
sevgül,K
sevgün,E
sevgür,U
sevi,K
seviğ,E
sevik,E
sevil,K
sevilen,K
sevilsen,K
sevim,K
sevimgül,K
sevin,U
sevnur,K
sevsen,K
sevsevil,K
sevük,E
sevüktekin,E
seyfettin,E
seyfi,E
seyfiye,K
seyhun,E
seyit,E
seylan,U
seylap,K
seymen,E
sezek,U
sezel,K
sezen,U
sezer,U
sezgen,U
sezgi,U
sezgin,U
sezi,E
sezim,E
sezin,U
seziş,E
sezmen,E
sırriye,K
sıtkıye,K
simge,K
simten,K
simüzer,K
sine,K
sinem,K
siper,E
siren,K
sirer,E
siret,U
sirmen,E
siyret,E
somel,E
somer,E
sonel,K
soner,E
sonsen,K
sonten,K
sonver,K
soyer,E
soygüven,E
soyluer,E
soytekin,E
soyuer,E
sökmen,E
sökmener,E
sökmensü,E
sökmensüer,E
sönmez,U
sönmezer,E
sözen,U
sözer,E
sözmen,E
suheyp,E
sulhiye,K
sumer,U
sunel,E
suner,E
sungurtekin,E
suphiye,K
süel,E
süer,E
süeren,E
süergin,E
süheyl,E
süheyla,K
sülemiş,E
sümer,U
sümeyre,K
sünter,E
sürmeli,K
süsen,K
süyek,E
süzen,E
şefik,E
şeh,E
şehalem,E
şehim,E
şehime,K
şehlevent,E
şehmuz,E
şehper,K
şehriyar,K
şehriye,K
şeker,K
şekime,K
şekip,E
şekür,E
şeküre,K
şelale,K
şemi,E
şemim,E
şemime,K
şeminur,K
şems,E
şemsettin,E
şemsi,E
şemsifer,K
şemsiye,K
şen,U
şenel,E
şener,E
şengil,U
şengönül,K
şengül,U
şengün,U
şeniz,U
şenlen,E
şenlik,E
şennur,K
şenol,U
şenöz,K
şensen,E
şensoy,E
şensu,K
şentürk,E
şenyer,K
şenyıl,K
şenyurt,E
şenyüz,K
şeref,U
şerefnur,K
şeremet,K
şeren,E
şerif,E
şerife,K
şermin,K
şeşen,E
şevket,E
şevki,E
şevkinur,K
şevkiye,K
şimşek,E
şimşeker,E
şive,K
şivekar,K
şöhret,K
şölen,U
şule,K
şükrettin,E
şükriye,K
şüküfe,K
tegin,E
tek,E
teke,E
teker,E
tekeş,E
tekgül,K
tekil,E
tekin,E
tekinel,E
tekiner,E
tekinsoy,E
tekir,E
tekiş,E
tekiz,E
tekmil,E
tekmile,K
teknur,K
tekok,E
tekol,E
teköktem,E
teköz,E
teközer,E
teksen,U
teksoy,E
tekün,E
tekünlü,E
telek,U
telim,E
telimer,E
telli,U
telmize,K
telvin,K
temel,E
temelli,E
temenni,K
temime,K
temir,E
temirkut,E
temiz,U
temizel,E
temizer,E
temizol,E
temizöz,E
temizsoy,E
temre,K
temren,E
temürlenk,E
tengir,E
tengiz,E
tenigül,K
tennur,K
tennure,K
tenvir,E
tepegöz,E
tepel,E
tepir,E
terek,E
terem,E
terim,U
terken,K
teşrif,E
teşrife,K
tetik,E
tetiker,E
tevekkül,E
tevfik,E
tevhit,E
tevil,E
tevir,E
tevs,E
tevsen,E
teymur,E
tez,E
tezel,U
tezelli,E
tezer,U
tezeren,E
tezerol,E
tezgül,K
tezok,E
tezol,E
tezveren,E
tijen,K
timurlenk,E
tiner,E
titizer,E
tokel,E
toker,E
tokuzer,E
tokyürek,E
topel,E
toper,E
torel,E
tökel,E
tölek,E
tömek,E
töre,U
töregün,E
törel,E
töreli,E
tören,E
tuğrultekin,E
tuğsel,E
tuğser,E
tuğtekin,E
tuhfe,U
tutel,E
tuter,E
tuzer,E
tükel,E
tülek,E
tülen,K
tümel,E
tümen,E
tümer,E
tümerk,E
tümerkin,E
tüner,E
tüney,E
türe,E
türek,E
türel,E
türeli,E
türemen,E
türev,E
türker,U
türkine,K
türkiye,K
türkmen,U
türksel,U
türkşen,E
tüze,U
tüzeer,E
tüzel,U
tüzemen,E
tüzenur,K
tüzmen,E
tüzüner,U
uğurel,E
uğursel,U
uğurser,K
uhuvvet,E
uluer,E
ulufer,K
ulutekin,E
ulviye,K
umnise,K
user,E
usluer,E
uygunel,E
uyguner,E
uzel,E
uzer,E
uzgören,E
uzmen,E
uztekin,E
üge,U
üke,E
üleş,E
ülez,E
ülfer,E
ülfet,U
ülgen,U
ülgener,E
ülger,U
ülke,K
ülkem,K
ülken,E
ülkenur,K
ülker,U
ülkümen,E
ülküsel,E
ülküye,K
ülmen,E
ümek,E
ümmet,E
ümmiye,K
ümniye,K
ünek,E
üner,E
üngören,E
ünlem,E
ünlen,E
ünlüer,E
ünsel,K
ünsev,U
ünseven,U
ünsever,U
ünsevin,E
ünsiye,K
ünver,U
ünveren,E
ünvermiş,E
ünzile,K
ürek,E
ürem,E
üren,E
üresin,E
ürkmez,E
ürmegül,K
ürpek,K
ürper,K
üsgen,E
üstek,E
üstel,E
üster,E
üstüner,E
ütügen,E
üveys,E
üye,E
üzek,E
üzer,E
üzeyir,E
vefi,E
vefik,E
vefki,E
vehip,E
vekil,E
velet,E
veli,E
velit,E
veliye,K
venüs,K
vergi,E
vergili,E
vergin,E
verim,E
vesik,E
vesim,E
veyis,E
veysel,E
veysi,E
yaren,E
yegah,K
yegan,E
yegane,K
yeğin,E
yeğiner,E
yeğrek,E
yel,E
yelen,E
yeler,E
yelesen,E
yeleser,E
yeliz,K
yeltekin,E
yemen,E
yenel,E
yenen,E
yener,U
yenerol,E
yengi,E
yenigül,K
yenin,E
yenisu,E
yenisü,E
yepelek,K
yerel,E
yergin,E
yerik,E
yersel,E
yesügey,E
yeşil,U
yeşim,K
yeşne,U
yeten,E
yetener,E
yeter,U
yeterkız,K
yetik,E
yetim,E
yetiş,E
yetişen,E
yetkin,U
yetkiner,E
yılşen,K
yiğitel,E
yiğiter,E
yipek,K
yöner,E
yönet,E
yönetken,E
yönetmen,E
yöntem,E
yurter,E
yurtgüven,E
yurtsev,U
yurtseven,U
yurtsever,U
yurtsevil,K
yurtsevin,K
yüksel,U
yükselen,K
yümniye,K
yürekli,E
yürüker,E
zekai,E
zekavet,K
zeki,E
zekire,K
zekiye,K
zemin,E
zemzem,K
zengin,E
zennur,K
zeren,U
zergün,K
zerin,E
zerrin,K
zerrinkar,K
zerrişte,K
zeynel,E
zeynep,K
zeyni,E
zeyniye,K
zeyno,K
zeynur,E
zeyrek,E
zihniye,K
zinet,K
zinnure,K
ziver,U
ziynet,K
ziyneti,K
züheyr,E
zühre,K
zühtiye,K
zülfiye,K
zülfüye,K
zürriyet,E
fikir,K
fikri,E
filiz,K
firuz,E
ful,K
fuzuli,E
füsun,K
füsunkar,K
hıfzı,E
kaşif,E
latif,E
lütfi,E
lütuf,K
lütufkar,K
müfit,E
müftü,E
münif,E
müşfik,E
örfi,E
rıfkı,E
tıflıgül,K
ufuk,U
vakıf,E
yusuf,E
zülfi,E
zülfü,E
zülkif,E
zülküf,E
girgin,E
giz,E
göğüş,E
gök,K
gökgöl,E
gökhun,E
göknil,K
göknur,U
göksoy,E
göksu,U
göksun,U
gökşin,U
göktuğ,E
göktürk,E
gönül,K
görgü,E
görgün,E
görk,E
görklü,U
göyük,E
gözütok,E
gül,K
gülan,K
gülgönül,K
gülgün,K
gülgün,K
gülhiz,K
gülhuri,K
güliz,K
gülkız,K
güllü,K
gülmüş,K
gülnur,K
gülnuş,K
gülöz,K
gülriz,K
gülru,K
gülruh,K
gülsim,K
gülsimin,K
gülsoy,U
gülsu,K
gülsüm,K
gülsün,K
gültop,K
gülüm,K
gülüstü,K
gülüş,K
gülyüz,K
gümüş,U
gümüşkurt,E
gümüşkut,E
gün,U
güngör,U
güngörmüş,E
güngül,K
günışık,E
güniz,U
günizi,E
günizli,E
günkurt,E
günkut,U
günkutlu,E
günmutlu,E
günnur,U
günol,E
günsili,K
günsu,K
güntimur,E
güntülü,U
güntürk,E
güntürkün,E
günyıl,E
günyol,E
günyüz,E
gür,E
gürgan,E
gürsu,U
güz,K
güzin,K
güzingül,K
hoşgör,E
hoşnigar,K
hülagü,E
hürgül,K
hüsnügül,K
ılgı,E
ılgım,U
ılgın,U
ırısgül,K
ilgi,U
ilgin,U
ilgü,U
ilgül,K
ilgün,U
ilig,E
ilkgül,K
irgün,K
ismigül,K
iyigün,E
izgi,U
izgü,E
izgül,K
izgün,K
kırgız,E
kızgın,E
kızgınok,E
kızgınyiğit,E
kongur,E
korgün,E
koygun,E
kutgün,K
lalgün,K
morgül,K
mutlugün,E
müjgan,K
nigar,K
nilgün,K
nilgün,K
nurgök,K
nurgül,K
nurgün,K
nurnigar,K
oguş,U
ogül,K
ogün,E
olgun,U
olgunsoy,E
olgunsu,E
ongu,K
ongun,E
ongunsu,E
ongur,E
ongün,E
orgun,E
orgül,K
orgün,E
öngör,E
öngü,E
öngül,U
öngün,E
öngüt,E
övgü,U
övgül,K
övgün,K
özgü,U
özgül,K
özgülüm,K
özgün,U
özgür,U
özsungur,E
ruhugül,K
rüzgar,U
sılgın,E
sıngın,E
singin,E
songun,E
songur,E
songül,K
sorgun,E
soyugür,E
sungu,U
sungun,E
sungur,E
süngür,E
tokgöz,E
tongur,E
toygun,E
turgut,E
tuygun,E
tüngür,K
türgün,E
uguz,E
urgun,E
urungu,E
uygu,E
uygun,E
uygur,U
ügü,E
ülgü,E
ülgür,K
üngörmüş,E
üngün,E
üngür,E
ünügür,E
ürgün,E
üstüngü,E
vurgun,E
yılgül,K
yılgün,K
kızıltuğ,E
koryiğit,E
köroğlu,E
kuğu,K
mutluğ,E
oğul,E
oğultürk,E
oğur,E
oğuş,E
oğuz,E
oğuztüzün,E
oktuğ,E
onuğ,E
öğün,U
öğür,E
öğüş,U
öğüt,U
özoğul,E
özoğuz,E
sığın,E
söğüt,E
tiğin,E
toğuş,E
toktuğ,E
tokuztuğ,E
toluntiğin,E
tuğ,E
tuğkun,E
tuğlu,E
tuğluk,E
tuğrul,E
tuyuğ,E
türkoğlu,E
uğur,U
uğurlu,U
uğurol,E
uğursoy,U
uğuş,U
uğut,E
uğuz,E
uluğ,E
yiğit,E
yoğun,E
yuluğ,E
yüğrük,E
halinur,K
hızır,E
hızlı,E
hilal,K
hilali,U
hilmi,E
hoşnur,K
hoşnut,K
hoşsun,K
hulki,E
hulüsi,E
huri,K
hurşit,E
huzur,U
hünkar,E
hür,E
hürmüz,K
hürol,E
hüsnü,E
hüsnühal,K
hüsün,K
ihlas,E
lahik,E
lahut,E
lamih,E
mihin,E
mihri,U
mihrinur,K
mirrih,K
muhip,E
muhittin,E
muhlis,E
muhsin,E
muhyi,E
muslih,E
mühip,E
mülhim,E
nuh,E
nurhilal,K
orhun,E
ruhi,E
ruhinur,K
ruhittin,E
ruhunur,K
rüsuhi,E
sulhi,E
suphi,E
zihni,E
zuhur,E
zuhuri,E
zühtü,E
aşık,E
ırıs,K
ırız,E
ırkıl,E
ısmık,E
ışık,U
ışıklı,E
ışıl,K
ışıltı,U
ışım,K
ışın,U
ışınsu,U
ışıt,K
ışkın,E
ıtır,K
ıtri,E
ilkışık,K
inkılap,U
kazım,E
kımız,E
kın,E
kınık,E
kınış,E
kızık,E
kızıl,E
kızılkurt,E
layık,E
mısır,K
mülazım,E
nurışık,K
özkın,E
pırıl,K
pırıltı,K
satı,E
sırrı,E
sıtkı,E
sıylı,E
sıylıkız,K
şınık,E
tın,E
urı,E
atik,K
azim,E
ikiz,E
iklil,K
iklim,U
il,E
ilim,E
ilki,E
ilkim,U
ilkin,U
ilkiz,U
ilknur,K
ilksoy,E
ilkut,E
ilkutlu,E
ilkün,E
ilsu,U
iltutmuş,E
iltüzün,E
inönü,E
iris,K
iskit,E
islam,E
islim,K
islimi,K
isminur,K
istiklal,U
işkur,E
iyiol,E
iyisoy,E
kamil,E
kani,E
katip,E
kip,E
kipkurt,E
kişi,E
kökşin,E
köni,E
lami,E
limon,K
mikail,E
mir,K
mirnur,K
misli,K
muin,E
mukim,E
munis,E
muti,E
mükrim,E
mükrimin,E
mülayim,E
mümin,E
münim,E
münip,E
münir,E
mürit,E
mürşit,E
müslim,E
müşir,E
nil,K
nili,K
nilsu,K
nuri,E
nuriş,K
nursim,K
nuşin,K
nüvit,U
öniz,U
örik,E
özil,U
öziş,K
öznil,K
öztimur,E
öztin,E
rükni,E
sili,K
sim,K
simin,K
simruy,K
sitti,K
suzi,E
süküti,E
süruri,E
şiir,K
şirin,K
timur,E
timuröz,E
tin,E
tinkut,E
tipi,E
titiz,U
toktimur,E
tomris,K
tulüi,E
tuti,K
tülin,K
türkili,E
türkiz,U
ulvi,E
ümit,U
ünsi,E
yümni,E
zikir,E
zikri,E
zinnur,E
konuk,E
konur,E
konuröz,E
kopuz,E
kor,E
korkut,E
koşuk,E
kotuz,E
koytuk,E
köksoy,E
molu,E
nurol,U
nurtop,U
oksu,E
oktürk,E
okumuş,E
okur,E
okuş,E
okuşlu,E
oluk,E
oluş,U
omur,E
onuk,E
onul,E
onur,U
onurlu,E
onursoy,E
onursu,E
onursü,E
orkun,E
orkuş,E
orkut,E
ortun,E
oruk,E
orum,E
orun,E
orus,E
oruz,E
otuk,E
oy,E
oykut,E
oylum,K
oytun,U
önol,E
önsoy,E
özok,E
özol,E
özsoy,E
öztoklu,E
özütok,E
som,E
somnur,K
sonnur,K
sonol,K
sonsuz,U
sorkun,E
soykök,E
soykurt,E
soykut,E
soylu,E
soyöz,E
sürsoy,E
tok,E
toköz,E
toku,E
tokuş,E
tokuz,E
tokyüz,E
tolon,E
tolun,E
topuz,E
tor,E
toros,E
torun,E
tosun,E
totuk,E
toy,E
tozun,E
tümkor,E
türkol,E
ulusoy,E
uzsoy,E
ünlüol,E
ünlüsoy,E
ünsoy,E
üstol,E
yomut,E
yosun,U
zorlu,E
kök,E
köklü,E
köksu,E
köksür,E
köktürk,E
körklü,E
köz,E
nuröz,U
ök,E
öklü,E
öktürk,E
ömür,U
ömürlü,K
önnur,K
önür,E
örs,E
örük,E
örün,U
ötnü,E
ötün,E
övül,U
övün,U
öykü,K
öz,K
özkök,E
özkul,E
özkurt,E
özkut,U
özkutlu,E
özlü,U
özlütürk,E
özmut,E
öznur,U
özön,E
özsözlü,E
özsu,U
özsun,E
özsü,E
özsüt,E
öztürk,E
özü,E
özüm,U
özün,U
özyörük,E
özyurt,U
sözüsöz,E
tör,E
törü,E
törüm,E
töz,E
tözüm,E
türköz,E
uluöz,E
yön,E
yörük,E
pullu,K
pütün,K
kumru,K
kurtuluş,K
nur,U
nurkut,U
nurlu,K
nursu,K
nursun,K
rüknü,E
rüştü,E
sumru,K
şükrü,E
tur,E
tümkurt,E
türk,E
türkan,K
türknur,K
türkü,K
tüzüntürk,U
ulutürk,E
umur,E
ur,E
urluk,E
uruk,E
urun,E
uruş,E
uruz,E
uztürk,E
üntürk,E
ürkün,E
ürün,U
yar,K
yurt,U
yurtkulu,E
yürük,E
zümrüt,K
kukus,K
müslüm,E
saman,E
su,U
sukuşu,E
sun,U
sunu,K
suut,E
sü,E
sükün,K
süküt,K
sülü,E
sülün,K
süslü,K
ulus,E
ulusu,E
us,E
uslu,U
usuk,E
usum,E
usun,K
üs,E
üstün,E
yunus,E
muştu,E
tutuş,E
ukuş,E
yumuş,E
kutlu,E
kutluk,E
kutun,K
lut,E
mut,E
mutlu,U
mutluk,E
tulü,U
tuluk,E
tulum,E
tulun,E
tun,E
tutku,E
tutkun,U
tutu,E
tutuk,E
tutun,E
tuyuk,E
tuz,E
tülün,K
tümkut,E
tün,K
tüzün,U
ulukut,E
umut,U
umutlu,U
utku,U
uytun,E
yunt,E
uz,E
üz,E
zülal,K
ulu,E
ulum,E
ulun,U
umu,E
yumlu,E
yumuk,K
yümun,E
vala,U
lülü,K
yülük,E
ülkü,K
ülkülü,E
ülküm,K
ün,E
ünlü,U
abdil,E
abdilkadir,E
abdilkerim,E
abdin,E
abdiş,E
abdo,E
abdu,E
abdul,E
abdülahat,E
abdulalim,E
abdulazim,E
abdulaziz,E
abdulbaki,E
abdulbakir,E
abdulbari,E
abdulbekir,E
abdulcabbar,E
abdulcebar,E
abdulcebbar,E
abdulcelal,E
abdulcelil,E
abdulferit,E
abdulfettah,E
abdülgadir,E
abdulgaffar,E
abdulgafur,E
abdulğani,E
abdulgazi,E
abdulhadi,E
abdulhafiz,E
abdulhakim,E
abdulhalik,E
abdulhalim,E
abdulhamid,E
abdulhamit,E
abdulhaşim,E
abdulhekim,E
abdülhizak,E
abdulkadir,E
abdülkadirhan,E
abdulkahir,E
abdulkani,E
abdulkerim,E
abdulla,E
abdullatif,E
abdulmecit,E
abdulmelek,E
abdulmelik,E
abdulmenaf,E
abdulmenav,E
abdulmennan,E
abdulmuhsin,E
abdülmuhtalif,E
abdülmuhtalip,E
abdulmutalip,E
abdulmuttalip,E
abdülrahim,E
abdulrahman,E
abdulrazzak,E
abdulriza,E
abdulsabir,E
abdülsamed,E
abdülsamet,E
abdülselam,E
abdulsemet,E
abdulvahap,E
abdulvahit,E
abdulvasih,E
abdulvehap,E
abdurahim,E
abdurahman,E
abdurha,E
abdurrahim,E
abdurrazak,E
abdurrazzak,E
abdurrehim,E
abdurrezak,E
abdurrezzak,E
abduş,E
abdusamet,E
abdussamed,E
abdussamet,E
abdüsselam,E
abdylla,K
abeş,E
abeydullah,E
abtullah,E
abubekir,E
abutalip,E
abutel,K
abuzar,E
abüzeyt,E
acibe,K
adder,E
addule,K
adelet,K
adeli,K
adem,E
adife,K
adigüzel,E
adik,E
adike,K
adila,K
adim,E
adivye,K
adiye,K
adla,K
adle,K
adlen,E
adliye,K
adul,K
adulle,K
afe,K
afettin,E
afide,K
ağagül,E
agah,E
ağakişi,E
agit,E
ağmur,E
agnieszka,K
ahat,E
ahdettin,E
ahet,E
ahizer,K
ahmed,E
ahmetali,E
ahmetcan,E
ahunur,K
aile,K
akar,E
akgüllü,K
akimhan,E
akin,E
akin,K
akise,K
akizer,K
akkadin,K
akkiz,K
aklime,K
akver,E
alaaddin,E
alaadin,E
alaatdin,E
alaattin,E
aladdin,E
alaeddin,E
alaetdin,E
alaettin,E
alaiddin,E
alaittin,E
alatin,E
alattin,E
alayittin,E
aleddin,E
aleksandra,K
aleksey,E
alen,E
aletdin,E
alettin,E
alexandru,E
aleyna,K
algin,E
aliabbas,E
alibaran,E
alibey,E
aliekber,E
alierk,E
alifer,E
aligül,E
alihsan,E
aliihsan,E
alikadir,E
aliksan,E
aliman,K
alimen,K
alin,E
aliosman,E
aliriza,E
alirza,E
alis,E
alisevim,E
aliseydi,E
aliya,K
alize,K
alkame,E
alkim,E
alkim,K
alkin,E
allattin,E
almast,K
almazbek,E
almes,K
almus,E
alo,E
alpcan,E
alperin,K
alpin,E
alptunga,E
altin,K
altingül,K
alvi,E
alye,K
ambere,K
amina,K
amirhamza,K
ammar,E
amşe,K
anakadin,K
anakiz,K
anayasa,K
andim,E
ani,K
anil,E
anil,K
anilcan,E
aniş,K
anita,K
anna,K
anşa,K
anşe,K
antika,K
anzel,K
anzilha,K
apdil,E
apdullah,E
apdurrahman,E
aptil,E
aptülkadir,E
aptullah,E
arabi,K
arafa,K
arap,E
arapcan,E
ardil,E
argon,E
argun,E
arifcan,E
arikan,E
arin,E
arinç,E
ariz,K
arkin,E
armahan,K
arne,K
arsen,E
arsevi,K
arsunar,E
artemiz,E
artur,E
arzi,K
asamettin,E
aşhan,K
asif,E
asife,K
aşik,E
asim,E
asiman,K
asip,E
aşire,K
asiya,K
aşiyan,K
asker,E
aşkim,K
aşkin,E
aşkin,K
aşkiner,E
asli,E
asli,K
aslican,K
asligül,K
aslihan,K
aslinbey,E
aslinur,K
asriye,K
assiya,K
assiye,K
asuhan,K
aşur,E
atal,E
atanail,E
ati,E
ati,K
atie,K
atif,E
atife,K
atifet,K
atika,K
atike,E
atike,K
atil,E
atilay,E
atile,E
atile,K
atilgan,E
atilhan,E
atilim,E
atilkan,E
atiyye,K
atman,E
atman,K
atnan,E
atra,K
attila,E
attilla,E
aura,K
avna,K
avşin,E
avvat,E
ayan,K
ayatin,E
ayatullah,E
aybaba,E
aybilge,K
ayca,K
ayçan,K
ayçe,K
ayçin,K
aydin,E
aydin,K
aydiner,E
ayişe,K
aykiz,K
aykutcan,E
aylar,K
ayle,K
aylen,K
aylil,K
ayliz,K
ayne,K
aynel,K
aynil,K
aynilhayat,K
aynimah,K
ayno,K
aynulhayat,K
aynullah,E
aynurisa,K
ayper,K
ayşali,K
ayşana,K
ayşeana,K
ayşekadin,K
ayşeli,K
aysemin,K
aysen,K
ayşena,K
ayşene,K
ayşete,K
ayşi,K
ayşil,K
aysin,K
aytel,K
ayter,K
ayton,E
aytümen,E
ayvas,E
ayzer,K
ayzin,K
azad,E
azaniye,K
azap,K
azbiye,K
azdin,E
azem,E
azettin,E
azima,K
azimenur,K
aziza,K
aznür,K
azrail,E
baattin,E
baba,E
babek,E
badel,K
badem,K
badet,E
badiru,E
bağda,K
bağdat,K
bager,K
bahaddin,E
bahadir,E
bahaettin,E
bahaittin,E
bahatdin,E
bahdişen,K
bahire,K
bahittin,E
bahman,E
bahrettin,E
bahşi,E
bahtinur,E
bahtinur,K
bahtişen,K
baise,K
bakir,E
bakiş,E
bali,E
balkir,E
balkis,K
balkiyan,K
balkiz,K
balli,K
bani,K
banihan,E
banü,K
banur,K
barboros,E
bariş,E
bariş,K
barişcan,E
barişhan,E
bariye,K
barsen,E
bartosz,E
bartuğ,E
başaran,E
baskin,E
basra,K
batdal,E
batikan,E
batun,E
batun,K
batyr,E
baver,E
baydan,K
bayramali,E
bayramettin,E
baysar,E
baysat,E
bayse,K
bayzettin,E
bediha,K
bedii,E
bedirittin,E
bediriye,K
bedirnaz,K
bediya,K
bedran,E
bedreddin,E
bedrivan,K
begihan,K
beğler,E
begün,K
behcet,E
behican,K
behide,K
behime,K
behiza,K
behman,E
behra,K
behre,E
behrem,E
behriye,K
behsat,E
behyeddin,E
bejdar,E
bekan,E
bekirhan,E
beklem,E
bektaşi,E
belda,K
belde,K
belemir,K
belgizar,K
belgüzar,K
belhizar,K
belkis,K
belkisa,K
belkiz,K
belkizan,K
belkize,K
benazil,K
bendegül,K
bendihan,K
benefşi,K
benhar,E
benhür,E
benisan,E
benna,E
bennuray,K
benzegül,K
beran,E
berati,E
beratiye,K
beray,E
beray,K
berda,K
berfiye,K
berfo,K
bergen,K
bergün,E
bergün,K
berhan,E
berho,E
berhude,K
beride,K
beridiye,K
beril,K
berivan,K
berkcan,E
berkehan,E
berkem,E
berken,K
berkkalp,E
berktuğ,E
berlin,K
berre,K
berru,K
bersan,E
bersu,K
bertal,E
bervan,K
berzor,K
beşbin,K
beşbinaz,K
besdemin,E
beser,K
beşeriye,K
besey,K
besi,K
besin,E
beslan,E
besna,K
besne,K
besra,K
besrai,K
besravi,K
besrayi,K
bessi,K
bestami,E
beyazit,E
beyce,K
beyhani,E
beyice,K
beykut,E
beyler,E
beynun,K
beynur,E
beysim,E
beytiye,K
beytül,K
beytüllah,E
beyzanur,K
bezgin,E
bhekumusa,E
bido,K
bilal,E
bilcan,E
bildan,K
bilgesu,K
bilgül,K
bilican,K
bilihan,K
bilkay,K
billur,K
bilmez,K
bilnaz,K
bilor,K
bilun,K
binevş,K
binyami,E
binyamin,E
birand,E
birdane,K
birdesen,K
birgul,K
birgüzel,K
birkay,E
birön,E
birsele,K
birseren,K
birsev,K
birtekin,E
bişar,E
bitül,K
bonci,E
boracan,E
böre,K
bubo,E
buğse,K
buğu,K
buhari,E
buhide,K
bukan,E
bulca,K
bülend,E
bulent,E
bulunmaz,K
bünyami,E
bünyamil,E
bünyamün,E
burakbey,E
burakhan,E
buray,E
burçay,E
burçe,K
burcuhan,K
bürdem,K
büreyre,K
bürhan,E
burhaneddin,E
burtay,E
burtay,K
buson,K
buşra,K
büşranur,K
caferiye,K
cafet,E
çagatay,E
çağda,E
çağdan,E
çağdan,K
çağil,E
çağil,K
çağin,E
çağin,K
çağri,E
çağri,K
çağtay,E
cahid,E
cahti,E
caide,K
cait,E
çakir,E
çakir,K
çaliş,E
camal,E
camia,K
canali,E
candeniz,E
candirem,E
cangir,E
canseli,K
çanser,K
canset,K
cansin,E
cansin,K
cansukan,K
canur,K
casim,E
cavat,E
cavide,K
cayide,K
cazime,K
cebli,E
cefahir,K
cefair,K
cefer,E
celal,E
celaleddin,E
celaletdin,E
celalettin,E
cemale,K
cemali,E
cemide,K
cemiliye,K
cemine,K
cemiyle,K
cemocan,E
cenay,K
cenkoğlu,E
cenneti,K
cerasela,K
cercis,E
cerem,K
ceride,K
cesarettin,E
çetine,K
çetmen,E
cevale,K
çevregül,K
cevrinaz,K
cevzet,E
ceydanur,K
ceykan,E
ceyla,K
ceylan,E
ceylan,K
ceylani,E
ceylin,K
ceynur,K
cezair,E
cezair,K
cezanur,K
cezminur,K
cezo,E
cida,E
çidem,E
çidem,K
ciden,K
çiğ,K
çiğse,K
cihad,E
cihadi,E
cihanber,E
çile,K
çilem,K
çilga,K
çili,K
çinar,E
çinar,K
çise,K
çisel,K
çisem,K
civeyra,K
çiydem,K
çollu,E
coşgun,E
coşkan,E
çoşkun,E
cüferiye,K
cuheyna,K
cülye,K
cumaali,E
cuman,E
cumazel,K
cumaziye,K
cüneyd,E
cüneyit,E
cunfer,E
curabey,E
curiye,K
dağcan,E
dağistan,E
dağittin,E
dahar,E
dahil,E
daimi,E
damlagül,K
damlanur,K
dane,K
daniyer,E
darçin,K
darin,K
dawid,E
daylan,E
deham,E
delal,K
delale,K
delali,K
delel,K
delfin,K
delil,E
delila,K
demirali,E
denis,E
denizgülü,K
denizhun,E
dergi,K
derkay,E
derle,K
deryal,K
destan,E
destan,K
destina,K
deva,K
devriş,E
devrim,E
deyer,E
diğdem,K
dijle,K
dilan,K
dilara,K
dilare,K
dilaver,E
dilaver,K
dilazer,K
dilcan,K
dilder,E
dilfuraz,K
dilfuruz,K
dilfuzar,K
dilihan,K
dilruba,K
dilşa,K
dilşad,K
dilşer,E
dilvin,K
dinara,K
dincer,E
direncan,E
direniş,K
divan,K
diyaddin,E
diyar,E
dizem,K
didem,K
doğaç,E
doğacan,E
doğancan,E
doğcan,K
doğuşcan,E
dolat,K
dolgun,E
dona,E
dönay,K
döndühan,K
döner,K
dönsün,K
dorukan,E
dudhan,K
dudugül,K
duduşen,K
duha,K
duhan,E
dünya,E
dünya,K
dünyale,K
dünyamin,E
durali,E
durana,K
durangül,K
durdali,E
durdane,K
durdaniye,K
durdiye,K
durgadin,K
durgül,K
durgut,E
durhasan,E
duriye,K
durkadin,K
durmuşali,E
durna,K
durnel,K
durri,K
dursade,K
dursadiye,K
dursan,E
dürsef,K
dürsel,K
dursen,K
dursine,K
dürsiye,K
dursunali,E
dursuniye,K
dürüye,K
duryan,K
duyal,E
duyğu,K
duyguhan,K
eba,E
ebazel,E
ebedin,E
ebide,K
ebilfez,E
ebişe,K
eblike,K
ebozeyt,E
ebu,E
ebuakil,E
ebülfet,E
ebutalip,E
ebuzer,E
ecem,K
edanur,K
edaviye,K
edaye,K
edebiye,K
edep,E
edeviye,K
edib,E
edibiye,K
edizhun,E
ednan,E
efaket,K
efecan,E
efil,K
efkan,E
eflatun,E
efrahim,E
efrail,E
efraim,E
eframil,E
efrayim,E
efsel,E
efsunkar,K
eftal,E
eftal,K
egecan,E
egem,K
eğemen,E
ehad,K
ehlem,K
ehliiman,K
ela,K
elame,K
elamiye,K
elanur,K
elay,K
eldar,E
eleddin,E
elem,K
elfazi,K
elfide,K
elfize,K
elgiz,K
elham,K
elide,K
elifana,K
elifgizem,K
elifgül,K
elifhan,K
elifnur,K
elifsena,K
elis,K
eliz,K
ellez,E
elmar,E
elmaze,K
elnara,K
elnaz,K
elnur,E
elvadiye,K
elvida,K
elvin,E
elvin,K
elyasa,E
elzem,K
ema,K
emal,K
embiye,K
emeriç,E
emeti,K
emile,K
emina,K
emincan,E
emine,K
emineeylem,K
eminei,K
eminhan,E
emini,K
eminkadin,K
eminoş,K
emirali,E
emiray,E
emiray,K
emirayşe,K
emircan,E
emire,K
emirnaz,K
emirşan,E
emiş,K
emişe,K
emra,E
emra,K
emrahcan,E
emral,K
emrecan,E
emrehan,E
emru,E
emsel,K
emür,E
enbiye,K
encan,E
enercin,E
enez,E
engin,E
engül,K
enser,E
enüş,E
enzile,K
enzüle,K
erap,E
eraycan,E
ercet,E
erchan,E
erçin,E
erda,E
erdar,E
erdim,E
erdinay,E
erdogan,E
erdost,E
erebiye,K
erencem,E
erep,K
ergülü,E
erife,K
erince,K
erişcan,E
erkam,E
erkay,E
erkil,E
ermin,E
ernes,E
erşafak,E
erşah,E
ersan,K
ersi,E
ertural,E
erturul,E
eruze,K
erva,K
ervaniye,K
erzem,K
esad,E
esalettin,E
esame,K
esef,E
eşefatma,K
eşem,K
esenay,K
eset,E
eshabi,E
eshat,E
eşiana,K
esil,K
esiye,K
eşkan,K
eslem,K
esmanperi,K
esmanur,K
esme,K
esmecan,K
eşmegül,K
esmehan,K
esmerhan,K
esmin,K
eşmine,K
esmiye,K
espir,E
esranur,K
esrin,K
eşşe,K
etem,E
etkin,E
eva,K
evde,K
evenur,K
evinç,K
evlim,K
evra,K
evrin,K
evsun,K
eyne,K
eysel,K
eyüb,E
eyup,E
eyüpcan,E
eyvaz,E
eyves,E
eyyüp,E
eyyüpcan,E
ezaettin,E
ezet,K
ezher,K
ezime,K
ezine,K
eznur,E
ezo,K
faakim,E
faali,K
faden,K
fadil,E
fadima,K
fadimana,K
fadimeana,K
fadimehanim,K
fadiya,K
fadiye,K
fadliye,K
fagat,K
fahreddin,E
fahrittin,E
fahrullah,E
faide,K
faike,K
faime,K
faki,E
fakiri,E
fakiye,K
fakriye,K
fakrullah,E
fami,E
famile,K
fanambinana,E
faniye,K
faraç,E
fariz,E
fati,K
fatigül,K
fatik,K
fatim,K
fatima,E
fatima,K
fatimana,K
fatimatüzzehra,K
fatime,K
fatimet,K
fatimetözehra,K
fatinur,K
fatiş,K
fatiye,K
fatmaana,K
fatmadudu,K
fatmakadin,K
fatmana,K
fatmanim,K
fatmasu,K
fatmatül,K
fatme,K
fatou,K
fatuma,K
fatümatüzzehra,K
fayik,E
fayika,K
fayize,K
faysel,E
fazil,E
fazila,K
fazile,K
fazli,E
fazul,E
fedakar,E
fedan,K
fedayi,E
feden,K
fedile,K
fedim,K
fedime,K
fedriye,K
fefharet,K
fehiman,K
fehire,K
fehmettin,E
feki,E
fekrullah,E
felekferz,K
feleknaz,K
felekşan,K
felemez,E
fendal,E
fendiye,K
fener,K
fensur,E
ferahdiba,K
ferahiye,K
feramüz,E
feran,E
ferat,E
ferayi,E
ferayi,K
ferdağ,K
ferdin,E
ferdun,E
feremez,E
ferfuri,K
fergal,E
fergül,K
ferid,E
ferihan,E
ferihan,K
ferik,E
ferik,K
ferime,K
ferinaz,K
feriş,K
feriştah,K
feriya,K
ferizan,K
ferize,K
fermin,K
fermuta,K
ferrah,K
ferru,E
ferşat,E
fersun,K
ferudun,E
feruz,E
feruza,K
feruzan,K
ferüze,K
ferya,K
feryal,K
feryas,K
feryat,E
ferzende,E
ferzender,E
ferzi,E
ferziye,K
fetane,K
fetdah,E
feti,E
fetiye,K
fettullah,E
fetullah,E
fevvaz,E
fevzettin,E
feyat,E
feyaz,E
feyfuri,K
feyime,K
feyiznur,K
feyme,K
feyruz,E
feyruz,K
feyruze,K
feysal,E
feysel,E
feyyat,E
feyz,E
feyzanur,K
feyzin,K
fezal,K
fezaye,K
fezayi,E
fezile,K
fidaniye,K
fidaye,K
fidel,K
fidelya,K
fideyl,E
fikrat,E
filay,E
fildan,K
filis,K
filit,E
fincan,K
finci,K
findik,K
findika,K
firat,E
firathan,E
firdes,K
firdest,K
firdevis,K
firiha,K
firke,K
firüzan,K
firyaset,K
fisun,K
fitnet,K
fuad,E
fulden,K
fulten,K
fülya,K
fundagül,K
furat,E
fürgan,K
fürkan,E
fürüzan,K
fussulet,K
füsün,K
gabel,K
gabil,E
gabriela,K
gadiriye,K
gafure,K
gahraman,E
galib,E
galiya,K
gamzegül,K
ğanim,E
ğarip,E
gassan,E
gayet,K
ğazal,K
ğazali,K
gazap,E
geji,K
ğenime,K
georgeta,K
gevi,K
gevrin,E
geylani,E
gilman,K
ginyas,E
giryan,K
gişver,K
giyasettin,E
giymet,K
gizemnur,K
gizemsu,K
göçeri,E
gögercin,K
göher,K
gökan,E
gökbuke,K
gökçay,K
gökce,K
gökçekalp,E
gökiş,K
göksemin,K
gölgen,E
göli,K
gölkem,E
goncay,K
gönlüm,K
görgen,E
görkan,E
govercin,K
gözdehan,K
gözdem,K
gözdenur,K
gözel,E
gözel,K
gözen,K
grzegorz,E
gübra,K
gülabi,E
gülabiye,K
güladin,E
gülafer,K
gülağa,E
gülali,E
gülamiye,K
gülan,K
gülaver,K
gülaydin,K
gülban,K
gülbani,K
gülbarin,K
gülbeddin,E
gülbeg,E
gülberat,K
gülbettin,E
gülbeyan,K
gülbeyde,K
gülbie,K
gülbiye,K
gülcay,K
gülçe,K
gülcegün,K
gülcehal,K
gülcema,K
gülcemile,K
gülçerek,K
gülceylan,K
güldali,K
güldam,K
güldiz,K
güldurdu,K
güle,K
gülefer,K
gülem,K
gülemir,E
gülendem,K
gülendiye,K
gülengün,K
gülenser,K
güley,K
güleycan,K
güleyda,K
gülezgi,K
gülfadim,K
gülfami,K
gülfan,K
gülfari,K
gülfatma,K
gülfen,K
gülferi,K
gülferide,K
gülfethiye,K
gülfikar,K
gülfire,K
gülfiye,K
gülfizar,K
gülfüzar,K
gülfüze,K
gülgiz,K
gülgül,K
gülhanim,K
gülhaniye,K
gülhat,K
gülhis,K
gülhisar,K
gülhizar,K
gülhuriye,K
gülhüzar,K
güli,E
güli,K
gülice,K
gülihsan,K
gülin,K
gülişa,K
gülişan,K
gülisraf,K
gülkadin,K
gülkiz,K
güllabiye,K
gülleman,K
güller,K
gülli,K
gülliya,K
güllizar,K
güllünar,K
güllünaz,K
güllüzar,K
gülmehmet,E
gülmenevşe,K
gülmez,K
gülmine,K
gülminnet,K
gulmirace,K
gulmustafa,E
gülnade,K
gülnam,K
gülisimler,K
gülnara,K
gülnarin,K
gülnaz,K
gülnaziye,K
gülnigar,K
gülnihan,K
gülorya,K
gülözge,K
gülpaşa,K
gülper,K
gülpinar,K
gülrengin,K
gülşa,K
gülsabiya,K
gülsade,K
gülsaran,K
gülşat,K
gülseda,K
gülseher,K
gülşehriye,K
gülsem,K
gülsen,K
gülsena,K
gülsenem,K
gülsepen,K
gülseri,K
gülserin,K
gülseval,K
gülsevdi,K
gülsevim,K
gülşifa,K
gülsin,K
gülsiye,K
gülsü,K
gülsultan,K
gülsum,K
gülsun,K
gültülin,K
gülü,K
gülüfer,K
gülümse,K
gülün,K
gülünay,K
gülüs,K
gülüşan,K
gülüsen,K
gülüser,K
gülüstan,K
gülüsün,K
gülüz,K
gülüzar,K
gülyar,K
gülyaz,K
gülyeter,K
gülzade,K
gülzadiye,K
gülzide,K
gülziye,K
gümrah,E
gümrah,K
günar,K
günaydin,E
güncel,E
güncel,K
günday,K
günğör,E
güngöre,K
günnür,K
günrem,K
günşiray,K
güntaç,E
güralp,E
gürani,E
gürçağ,E
gürçay,E
gürçim,K
gürcü,K
gürcüye,K
gürelcem,E
gürgan,E
gürkay,E
gürler,E
gürman,E
gürol,E
gürsal,E
gürşat,E
gürser,K
gürsoy,E
gurur,E
güssüm,K
güssün,K
güsüm,K
güverçin,K
güyhan,K
güzella,K
güzeyde,K
güzgül,K
güzüde,K
habeş,E
habib,E
habiba,K
habibe,K
habil,E
habip,E
habiybe,K
hacar,K
hacere,K
haci,E
haci,K
haciali,E
hacibey,E
hacice,K
hacihanim,K
hacikadin,K
hacile,K
hacili,K
haciosman,E
hacire,K
haco,E
hadi,E
hadice,K
hadime,K
hadis,E
hadrey,K
hafife,K
hafir,E
hafise,K
hafit,E
hafiye,K
hafiz,E
hafiza,K
hafset,K
hafside,K
hafza,K
hajarat,K
hakife,K
hakik,K
hakim,E
hakime,K
hakiye,K
hakki,E
hakki,K
haldün,E
halid,E
halidiye,K
halidun,E
halilibrahim,E
halilurrahman,E
halimedudu,K
halimi,K
halimser,K
halisa,K
haliye,K
haluk,E
halil,E
hamail,K
hamayil,K
hamdin,E
hamdune,K
hamet,E
hamid,E
hamire,K
hamma,K
hamsa,K
hamse,K
hamsiye,K
hanasli,K
handenur,K
hanen,K
haney,K
hangül,K
hani,K
hanifi,E
hanik,K
hanim,K
hanime,K
hanimi,K
hanimkiz,K
hanimşah,K
hanimzer,K
hanperi,K
hansa,K
hanse,K
hanume,K
hanze,K
hanzey,K
hapa,K
hapiç,K
harabi,E
harbinaz,K
harip,K
haris,E
harise,K
haritdin,E
hariye,K
hariz,E
hasalettin,E
hasamittin,E
hasanali,E
hasangazi,E
hasanhilmi,E
hasbiye,K
haşem,E
hasgüllü,K
hasi,K
hasib,E
hasine,K
hasivet,K
haskar,K
haskiz,K
hasrettin,E
hassi,K
hassiye,K
hata,E
hatay,K
hatiçe,K
hatike,K
hatimet,K
hatin,K
hatira,K
hatiyce,K
hattap,E
havadudu,K
havagül,K
havali,K
havana,K
havane,K
havanim,K
havanur,K
havar,K
havelya,K
havil,K
havize,K
havşar,E
havse,K
havser,K
havsun,K
havvagül,K
havvana,K
havvane,K
havvanur,K
havvas,E
hayali,E
hayas,E
hayel,K
hayirli,K
haymil,E
hayreddin,E
hayredin,E
hayrinisa,K
hayrinnusa,K
hayrittin,E
hayrun,K
hayrunisa,K
hayrunnas,E
hayrunnisa,K
hazarcan,K
hazari,K
hazbiye,K
hazim,E
haziret,E
hazna,K
hazni,K
hazrat,E
hecide,K
heday,K
hediyegül,K
hedla,K
hedle,K
hefin,K
hefit,E
hekime,K
hekmet,E
helen,K
helim,E
helime,K
helin,K
heman,K
hemi,K
hemide,K
hemrevin,E
hena,K
henda,K
henife,K
henzede,K
herdem,K
herdemcan,K
hergül,K
hesibe,K
hesna,K
hetike,K
heva,K
heval,K
hevin,K
hevzi,K
heybetullah,E
heyfhilat,K
heyvetullah,E
hezal,K
hezare,K
hezel,K
hezniye,K
hibe,E
hicazi,E
hicaziye,K
hicri,E
hicrigül,K
hidaye,K
hidir,E
hifzullah,E
hikmiye,K
hilal,E
hilal,K
hilayda,K
hilin,K
hilman,K
hilvan,K
hilye,K
hinar,K
hindal,E
hinet,K
hino,E
hişar,E
hisemiddin,E
hitit,E
hiva,E
hivda,K
hizir,E
hizlan,E
hizni,E
hizniye,K
hocamurat,E
hogir,E
hökkeş,E
homayi,K
hopan,K
horasanli,E
hori,K
horiye,K
hörü,K
hoşgün,K
hoşnaz,K
hozan,E
hülya,E
hübriye,K
huccet,E
hüda,K
hüdai,E
hüdakar,K
hüdanur,K
hüdaye,K
huldiye,K
hulisi,E
hulku,E
hulusi,E
hulusu,E
hülye,K
huma,K
humayun,K
humeyin,K
humeyra,K
hünkar,E
hürdünya,K
hüreyra,K
hürgazi,E
hüri,K
hurinaz,K
hüriye,K
hüriyet,E
huriyet,K
hurizad,K
hürküş,K
hurma,K
hürmüs,K
hurriyet,K
hürşehit,E
hurşitedip,E
hürü,K
hürüle,K
hürüyet,K
huryeddin,E
hüsameddin,E
hüsametdin,E
hüsammeddin,E
hüsem,E
huseyin,E
hüseyn,E
husna,K
hüsnem,K
hüsni,E
hüsni,K
husnigül,K
hüsnüce,K
hüsnüer,E
hüsref,E
hüsrem,E
husret,E
hussaini,E
hüssam,E
huzam,E
hüzeyca,K
huzeyfe,E
hüzni,E
hüzüme,K
huzuri,E
ibadiye,K
iban,E
ibrahimethem,E
ibrahimhalil,E
ibrahimilker,E
ibrail,E
içil,K
iclal,E
iclal,K
idan,E
ide,K
idiris,E
ıdris,E
ifagat,K
ifaget,K
ifaze,K
ifdadiye,K
iftade,K
iftar,K
ihram,E
ihsane,K
ihtişam,E
ijla,K
ijlal,K
ikbale,K
ikilem,K
iklama,K
iklime,K
ikrameddin,E
ikrar,E
ilavet,K
ilbeği,E
ilfar,K
ılgahan,K
ilgihan,K
ılgim,K
ılgin,E
ılgin,K
ilhamettin,E
ilkat,E
ilkel,K
ilkem,E
ilkem,K
ilklima,K
illettin,E
ilmafer,E
ilmi,E
ilmiddin,E
ilper,K
ilten,E
ilyaz,E
imaddin,E
imahan,K
imatullah,K
imhan,K
imihan,K
imirza,E
immigülsüm,K
immihan,K
immühan,K
imral,K
imran,E
imran,K
imrana,E
imrel,K
imrihan,K
inancan,E
incifir,K
incihan,K
incil,E
incilay,K
intihap,E
intimas,K
inzile,K
iran,K
iremnur,K
irfide,K
ırzavan,E
isa,E
isak,E
ışik,E
ışik,K
ışil,K
ışilay,E
ışilay,K
ışin,E
ışin,K
ışinsu,K
iskan,E
islam,E
islime,K
ısmahan,K
ismailhakki,E
ismehan,K
ismetullah,E
ismi,K
ısmihan,K
isra,K
ıssa,E
istem,K
istiham,K
isvendi,E
isvendiyar,E
ıtir,K
itris,E
ivyek,K
iyam,K
ızaura,K
izetin,E
izettin,E
izlem,K
izlifet,K
iznihar,K
izzeddin,E
izzetin,E
jacub,E
jalen,K
jalile,K
jan,E
jankat,E
jaruthip,K
jefide,K
jiyan,K
joanna,K
julide,K
julude,K
kabile,K
kablan,E
kaddafi,E
kadircan,E
kadirgin,K
kadiriye,K
kadirye,K
kadişah,K
kafiye,K
kafur,E
kahamurat,E
kahriman,E
kakil,E
kalem,E
kalo,E
kamal,E
kamelya,E
kameriye,K
kamil,E
kamila,K
kamilcan,E
kamile,K
kamiren,E
kamuran,E
kamuran,K
kanaat,K
kanco,E
kandef,K
kania,K
karafil,K
karani,E
kardoğan,E
karer,K
kargül,K
karip,E
karol,E
kaside,K
kaşif,E
kasim,E
kasimhan,E
kassim,E
katarzyna,K
katibe,K
katife,K
katip,E
kaver,K
kazanfer,E
kazi,K
kazim,E
kazime,K
kebira,K
kefaattin,E
kefser,K
kehribar,K
kelami,E
kelcik,E
kelem,K
kemaleddin,E
kenanbey,E
kendal,E
kendi,K
keremhan,E
kerima,K
kerziban,K
kerzik,K
keser,K
kesire,K
kesra,E
ketayi,K
ketibe,K
kevi,K
kevni,E
kezibe,K
kezziban,K
kibriya,K
kibriye,K
kiliç,E
kilman,K
kimet,K
kinem,K
kini,K
kiral,E
kirez,K
kismet,E
kismet,K
kişmiş,K
kitan,K
kivanç,E
kivanç,K
kivilcim,E
kivilcim,K
kiyafet,K
kiyas,E
kiyasettin,E
kiyasi,E
kiymaz,E
kiymet,K
kiymetli,K
koblay,E
köçer,K
koka,K
kömeç,K
korçay,E
korkmazalp,E
korşah,E
kotas,E
kral,E
krzysztof,E
kuaybe,K
kübar,K
kublay,E
kübran,K
kübranur,K
küçük,E
küçük,K
kudiret,E
kuduret,K
külter,K
kültigin,E
kumaş,K
kumray,K
kumri,K
kuntay,E
kuntsav,E
küpra,K
küpriye,K
kural,E
kurban,E
kurbani,E
kürciye,K
kurultay,E
küsün,K
kutbettin,E
kütezziban,K
kütfettin,E
kutluğhan,E
kutluhan,E
kutret,E
kutret,K
kutsi,E
kuzeyde,K
kuzidiye,K
kuzudiye,K
laden,K
ladiker,K
ladin,K
laika,K
lale,K
lalegül,K
lalever,K
lalezar,K
lalifer,K
lalihan,K
lami,E
lamia,K
lamih,E
lamiye,K
latif,E
latife,K
latifhan,E
laze,K
lazgin,E
lebude,K
lemangül,K
lemye,K
letife,K
levend,E
levize,K
levziye,K
leyla,K
leylan,K
leylanur,K
leylufer,K
leymun,K
leyzan,K
lezgin,E
lezgin,K
libas,K
lida,K
lider,E
lifar,K
ligar,K
lilianna,K
lilifer,K
lilüfer,K
lilve,K
liman,K
limun,K
lina,K
linda,K
lisa,K
lisan,K
lokman,E
lüfen,K
lukasz,E
lülgün,K
lülüfer,K
lutfi,E
lutfiye,K
lutfü,E
lutfullah,E
lütfüye,K
lütviye,K
luup,K
maciej,E
mafak,E
mafiret,K
mafiye,K
mafuzer,K
mağbule,K
mağgül,K
mahfuza,K
mahfuze,K
mahide,K
mahigül,K
mahiner,K
mahiye,K
mahli,E
mahmud,E
mahmudiye,K
mahnaz,K
mahpus,E
mahsubiye,K
mahşuk,E
mahsul,E
mahsum,E
mahyettin,E
maigül,K
makhaddin,E
maksüde,K
mamo,E
mansurali,E
marcin,E
marek,E
mariama,K
masar,E
mashar,E
maşide,K
matan,K
matem,E
mateusz,E
maver,K
mavuş,K
mayide,K
mayile,K
mayir,E
maynur,K
mayşeker,K
maysel,K
mazen,E
mazes,K
maziye,K
mazlüme,K
mebrule,K
mebure,K
mecbure,K
mecburiye,K
mecdulin,K
mecra,K
mecrum,E
medhat,E
media,K
mediye,K
mefal,K
mefaret,K
mefarettin,E
mefide,K
mefkure,E
mefküre,K
mehbare,K
mehbup,K
mehdiyar,K
mehemmed,E
meherrrem,E
mehlibar,K
mehman,E
mehmed,E
mehmetali,E
mehmetcan,E
mehmetemin,E
mehmethalit,E
mehmethan,E
mehmethanifi,E
mehmetnesim,E
mehmetsait,E
mehmetzahir,E
mehmüre,K
mehnur,K
mehri,K
mehriban,K
mehrican,K
mehrigül,K
mehtun,E
mekail,E
mekan,E
mekbule,K
mekiya,K
mekiye,K
mekkiye,K
mektup,K
melaha,K
melahat,K
meldanur,K
meleha,K
melehat,K
melekey,K
meleki,K
melihan,K
melihat,K
melihcan,E
melihe,K
melika,K
melikkan,K
meliknur,K
melul,K
memet,E
memetali,E
memetcan,E
memihan,K
memili,E
memnuniye,K
menci,E
mendo,E
mendufa,K
menduh,E
menduha,K
menendi,K
menfeat,K
menfiye,K
menhur,K
menica,K
menice,K
menife,K
meniş,K
menişan,K
menşür,K
menşüre,K
menzil,K
merali,E
meray,K
merba,K
merban,K
merda,K
merdali,E
merdane,K
merdiye,K
mergüze,K
merhuze,K
merim,K
meriman,K
merime,K
meriş,K
merivan,K
meriyem,K
mermi,K
mernur,K
mernuş,K
mertali,E
mertay,E
mertcan,E
mertullah,E
merva,K
mervan,E
mervane,K
mervem,K
mervenur,K
mervil,K
merya,K
meryam,K
meryemana,K
meryeme,K
merzuh,E
mesdan,E
meşgule,K
meşhut,E
meşküre,K
meşküriye,K
meslihan,K
mesni,E
mesret,E
mesrule,K
messud,E
messut,E
mesud,E
mesüde,K
mesudiye,K
mesuriye,K
mesüt,E
mesuthan,E
metecan,E
mettin,E
meveddet,K
mevlana,E
mevlida,K
mevlidiye,K
mevliya,K
mevliye,K
mevlüd,E
mevlude,K
mevlüdiye,K
mevlut,E
mevra,K
mevre,K
mevriye,K
mevtun,K
mevziye,K
meyase,K
meydin,E
meyese,K
meyhanim,K
meyhati,E
meyli,K
meymene,K
meyram,K
meyrem,K
meyser,K
mezhar,E
mezher,E
miat,E
michal,E
midi,E
mihail,E
mihdi,E
mihdiye,K
mihrab,K
mihraç,E
mihraç,K
mihrap,K
mihsin,E
mikail,E
mikdat,E
mikolaj,E
miktat,E
milay,E
milayim,E
milazim,E
milid,K
milyel,K
mimar,E
minel,K
minever,K
minevver,K
minibe,K
minire,K
minnaz,K
mintaha,K
minteha,K
mirac,E
mirac,K
mirace,K
miradiye,K
miralp,E
mirbadin,E
mirbek,E
mireş,K
mirhasan,E
miriye,K
mirsat,E
mirze,E
miseyne,K
mishat,E
misra,K
misri,K
misriye,K
mistan,E
mitad,E
mitat,E
miyasa,K
miyaser,K
miyasi,K
miyasser,K
miyese,K
miyeser,K
miyesser,K
mizgin,K
mizirap,E
mohammad,E
möhsim,E
mola,K
molla,E
monika,K
monis,E
mualla,K
muamber,E
muamer,E
muazez,K
muazzen,K
muazzes,K
mubarek,E
muberra,K
müberrah,K
müberya,K
mübetcel,K
mücade,K
mücahid,E
mücahide,K
mucahit,E
mücait,E
mücayit,E
mücdet,E
mücella,K
mücellib,E
mücelta,K
mucib,E
mücibe,K
mücteba,E
mücteba,K
müdavim,E
müddesir,E
müeser,K
müessere,K
müferra,K
müfid,E
mufide,K
müftah,E
mugaddes,K
mügan,K
mugatter,K
müğber,K
muhamet,E
muhammad,E
muhammedali,E
muhammer,E
muhammeriye,K
muhammetali,E
muharem,E
muhazim,E
muhbet,E
muhbet,K
muhdiye,K
muhib,E
muhibe,K
muhiddin,E
mühide,K
muhiye,K
mühreli,E
mühşide,K
mühsine,K
mühteber,K
muhtereme,K
muhteşemen,K
muhubbet,K
muhubet,K
muhutdin,E
muhuttin,E
muhyedin,E
muhyettin,E
muhyiddin,E
muhyittin,E
mujde,K
müjden,K
müjgan,K
müjgehan,K
müjgen,K
mukaddere,K
mukaddez,K
mukader,K
mukades,K
mükafat,K
mükail,E
mukatder,K
mukatdes,K
mukattere,K
mükayil,E
mükramin,E
mukrayil,E
mükrüme,K
mülayim,E
mülcem,E
mulfer,K
mülkicihan,K
mülkinaz,K
mülkiye,K
mülkü,E
mulla,E
mülüfe,K
mülüfer,K
mümeşir,K
mumine,K
mumtas,E
mümün,E
mümüne,K
münacettin,E
münadiye,K
münasiye,K
müne,K
münever,K
münevir,K
münevvere,K
münezzer,K
münib,E
munife,K
münik,E
munip,E
munir,E
münircan,E
münise,K
müntez,E
münüp,E
münür,E
münüre,K
munzire,K
murad,E
muradiye,K
muratcan,E
murathanabdu,E
mürcan,K
müret,K
müreyya,K
mürfide,K
mürivvet,K
mursel,E
mürselin,E
mürşid,E
mursine,K
mürşüt,E
mürten,K
mürteza,E
mürüfet,K
mürüvet,K
murvet,K
musab,E
musaburak,E
musafet,E
musamettin,E
müşaret,K
müseddin,E
müselahattin,E
müsemme,K
müşerrefe,K
müşkan,K
müşkünaz,K
muslu,E
müslum,E
müslümet,K
muştak,E
mustakiyma,K
mustan,E
müstecef,E
müşter,K
müşüde,K
müşüre,K
mutait,E
mütalip,E
mutlucan,E
muttalip,E
müttezim,K
mutullah,E
mutuş,E
müveyla,K
muzafer,E
muzafer,K
müzaffer,E
muzameddin,E
müzdelife,K
müzet,K
müzeyen,K
müzeyme,K
müzüde,K
nabahat,K
nabil,E
nacide,K
nacifer,K
nadan,K
nades,K
nadiha,K
nadik,E
nadile,K
nadiriye,K
nafel,E
nafer,E
nafier,K
nafii,E
nafizenur,K
nagihan,K
nahizer,K
nahsen,E
naide,K
naif,E
naife,K
naima,K
najeti,E
nalan,K
nalin,K
isimlergül,K
isimlert,E
namik,E
namike,K
namuk,E
nanifer,K
narcan,K
nargehan,K
narhanim,K
narhatun,K
nari,K
narinç,K
narmine,K
naşat,E
nasiba,K
nasif,E
nasihat,K
nasihe,K
nasim,E
nasimi,E
nasire,K
nasiybe,K
nasuf,E
natalia,K
natik,E
natike,K
navruz,K
navruze,K
nayet,K
naygihan,K
nayif,E
nayil,E
nayile,K
nayim,E
nayime,K
nayliye,K
nazander,K
nazangül,K
nazcan,K
nazdar,K
nazefet,K
nazegül,K
nazen,K
nazengül,K
nazeni,K
nazente,K
nazenti,K
nazez,K
nazgül,K
nazgüle,K
nazi,K
nazide,K
nazifer,K
nazike,K
naziker,K
nazile,K
nazilet,K
nazim,E
nazime,K
nazimet,K
nazimi,E
nazira,K
naziriye,K
naziye,K
naziyfe,K
nazli,E
nazli,K
nazlican,K
nazligül,K
nazlihan,K
nazlim,E
nazlim,K
nazliye,K
nazrife,K
nebat,K
nebattin,E
nebia,K
nebibe,K
nebide,K
nebiha,K
nebihat,K
necah,K
necai,E
necasi,E
necattin,E
necbiye,K
necdat,E
necet,E
necibullah,E
necife,K
necilal,K
necim,E
necima,K
necime,K
necip,E
neçir,E
necla,E
necla,K
neclat,E
neclay,K
necle,K
necmeddin,E
necmettin,E
necmiddin,E
necmittin,E
necser,K
necüde,K
necva,K
nedibe,K
nedife,K
nedriye,K
nedve,K
nedye,K
nefaret,K
nefes,K
nefide,K
nefiga,K
nefika,K
nefire,K
nefiya,K
nefiye,K
nefize,K
nefya,K
negihan,K
negül,K
nehari,K
nehide,K
nehime,K
nejdat,E
nejdet,E
nejdet,K
nejdi,E
nejdiye,K
nejla,K
nejmettin,E
nejmi,E
nejmiye,K
nelahat,K
nelda,K
nelli,K
nemrun,K
nerfide,K
nergahan,K
nergihan,K
nergiz,E
nergiz,K
nergül,K
nergün,K
nergüzel,K
neriban,K
neriç,K
nerkiz,K
nerman,E
nerman,K
nermiye,K
nerve,K
nervis,E
nerzan,K
nesai,K
nesfe,K
nesife,K
nesih,E
nesij,E
nesin,E
nesirin,K
neslahan,K
neslican,K
neslinur,K
nesra,K
nesrihan,K
nesrim,K
neşrin,K
neşriye,K
netife,K
nevaf,E
nevcihan,K
nevcihan,E
nevel,K
nevgin,K
nevgün,K
nevil,K
nevim,K
nevise,K
nevraz,K
nevrim,K
nevrize,K
nevse,K
nevsi,K
nevzer,K
nevzet,E
nevzete,K
nevziye,K
neyfinur,K
neysen,K
neytüllah,E
nezafettin,E
nezafiye,K
nezan,K
nezehat,K
nezengül,K
nezif,E
nezife,K
neziha,K
nezihan,K
nezihat,K
nezihet,K
neziye,K
neziyet,K
nezize,K
nezmi,E
nezrife,K
nice,K
nidal,E
nigar,K
nige,K
niğmet,K
nihari,K
nihaye,K
nikar,K
nikat,K
nila,K
nilcan,K
nilda,K
nildem,K
nilden,K
nilfer,K
nilgül,K
nilgun,K
nilifer,K
nilşah,K
nilsen,K
nilufer,K
nimetiye,K
nirgül,K
nisficihan,K
nispahi,K
nisret,E
niyase,K
nizameddin,E
nizgin,K
nofe,K
nofel,E
noman,E
noran,K
növfel,E
nuber,K
nudet,K
nudiye,K
nüdret,K
nüfer,E
nüfide,K
nuğman,E
nuhal,E
nuhi,E
nuhiye,K
nuhtullah,E
nüket,K
nükte,K
nülfer,K
nülgün,K
nülifer,K
nülüfer,K
nupelda,K
nura,K
nurale,K
nurali,E
nurane,K
nuraniye,K
nurat,K
nurayan,K
nurayi,K
nurbanü,K
nurberat,K
nurbetül,K
nurbolat,E
nurcay,K
nurcin,K
nurda,K
nurdagül,K
nurdamla,K
nurdaniye,K
nurdanur,K
nurdeniz,K
nurdöken,K
nureddin,E
nuren,K
nuretdin,E
nürettin,E
nurevşan,K
nurey,K
nurfatma,K
nurfen,K
nurfet,K
nurfiye,K
nurgen,K
nurgil,K
nurgüzel,K
nurhak,K
nürhan,K
nurhat,E
nurhayet,K
nurhuda,K
nurhun,K
nurican,E
nürice,K
nuriddin,E
nurihayat,K
nurisan,K
nurişen,K
nuristan,K
nuritdin,E
nurittin,E
nuriya,K
nuriyet,K
nurkadin,K
nurnisa,K
nurşa,K
nurşan,K
nurşat,K
nurseda,K
nürsel,K
nurselin,K
nursemi,K
nursenim,K
nursevcan,K
nursever,K
nurşide,K
nursifa,K
nursin,E
nursin,K
nursiye,K
nursuman,K
nürten,K
nurufe,K
nurus,K
nuruşah,K
nurva,K
nurven,K
nurya,K
nurziye,K
nüset,E
nüshet,K
nusrat,E
nusreddin,E
nüsret,E
nusur,E
nutfiye,K
nüveyde,K
nuveyre,K
nuzret,K
ny,E
nizamettin,E
oana,K
öbeydullah,E
oğulkan,E
oguzhan,E
oğuzorhan,E
ökkaş,E
olay,E
olçay,E
olga,K
olgacan,E
olgay,E
olgu,E
olgu,K
olgül,K
olğun,E
oliver,E
olkan,E
ömercan,E
ömerul,E
ömiriye,K
ömlüye,K
ömran,E
ömriye,K
ömrüm,K
ömrüye,K
ömürden,E
ömürhan,E
ömüriya,K
ömürnaz,K
önday,E
önder,E
önem,E
önem,K
onuray,E
onurcan,E
orçin,K
ordunç,E
orlinda,K
öskan,E
östürk,E
över,E
özali,E
ozan,E
özaydin,E
özcem,E
özde,K
özdem,K
özgecan,K
özgehan,K
özgenaz,K
özgenur,K
özgücan,E
özgünalp,E
özkay,E
özkenan,E
özlemin,E
öznür,K
pakizer,K
paşa,E
paşali,E
paşey,K
pawel,E
pehlil,E
pehlivan,E
pehlül,E
pehman,K
pektaş,E
pelda,K
pelinsu,K
pelir,E
pembesin,K
pembi,K
pembiş,K
pempe,K
penbe,K
penpe,K
peral,K
peray,K
percihan,K
perdane,K
peria,K
perihannur,K
perim,K
perinaz,K
periş,K
perişan,K
perizade,K
perizan,K
pernur,K
pevrül,E
pevziye,K
peyami,E
peyda,K
peyran,K
peyruze,K
piltan,K
pinar,E
pinar,K
piotr,E
pirahmet,E
pirhasan,E
piril,K
polatkan,E
pori,K
przemyslaw,E
pusat,E
rabbiye,K
rabiha,K
rabike,K
rabiya,K
rabiye,K
radim,E
radiye,K
rafal,E
rafig,E
rafika,K
rafike,K
rafiye,K
ragayip,E
ragib,E
ragip,E
ragup,E
rahan,K
rahcan,K
rahide,K
raime,K
rais,E
raize,K
rakife,K
rakite,K
rakiye,K
ramadan,E
rametullah,E
ramize,K
ramona,K
ramziye,K
raniya,K
raşan,K
raşen,K
rasik,E
raşike,K
rasul,E
ravent,E
raviye,K
rayat,E
rayif,E
rayim,E
rayla,K
raz,K
razinan,K
rebihat,K
rebiş,K
recail,E
recayi,E
receb,E
recepali,E
recudiye,K
redda,K
redife,K
refa,K
refahattin,E
refail,E
refan,K
refat,E
refike,K
refiya,K
regaib,E
rehim,E
rehime,K
rekiya,K
remazan,E
remezan,E
remiha,K
remus,E
renan,E
renata,K
rengül,K
renin,K
reşalet,K
resmi,K
resül,E
resulcan,E
revaha,E
revasiye,K
revhi,E
revşi,K
revzete,K
reyide,K
reyis,E
reyzan,K
rezge,K
ridvan,E
ridvane,K
rifa,K
rifki,E
rihan,K
rime,K
riskiye,K
rivayet,K
riyad,E
riyat,E
riyhane,K
riza,E
rizan,E
rizgar,E
rizk,E
rizkiye,K
rizvan,E
robert,E
rohat,E
rohat,K
rojbin,K
rojda,K
rojdiyar,K
rojin,K
rojnu,K
rolkay,E
romulus,E
roşan,K
rowena,K
rozan,K
rozcan,K
rubaşa,K
rüçan,E
ruçhan,E
rufat,E
rüfet,E
rufi,E
rüfiye,K
rüğzan,K
ruhat,K
ruhevza,K
ruhide,K
ruhser,K
ruhyete,K
rüjdiye,K
ruken,E
ruken,K
rukhiya,K
rukide,K
rukkiye,K
ruknettin,E
rukuya,K
rüküye,K
rükye,K
rumeysa,K
rumi,E
rurten,K
rüsan,E
ruşan,K
rüşdi,E
rüşen,E
rustem,E
saadin,E
sabahatdin,E
sabahettin,E
sabahi,E
sabahittin,E
sabahiye,K
şabanül,E
sabattin,E
şabettin,E
sabihat,K
sabihe,K
sabike,K
sabile,K
sadat,E
sade,K
sadeddin,E
şadem,K
saden,K
sadenur,K
sadet,E
sadet,K
sadetdin,E
sadeti,K
şadettin,E
sadi,E
sadife,K
sadik,E
sadika,K
sadikar,K
sadike,K
şadiman,K
şadime,K
sadin,E
sadinaz,K
sadise,K
sadittin,E
sadiye,K
sadulla,E
şafaat,E
safaniye,K
safariye,K
şafer,K
safet,E
safetullah,E
safide,K
şafii,E
safikar,K
safile,K
safine,K
safinez,K
safiya,K
safiyye,K
safura,K
safure,K
safvet,K
sagip,E
şaha,K
şahab,E
sahabe,K
şahabeddin,E
sahare,K
şahdiye,K
şahender,K
şaheste,K
şahhüseyin,E
şahide,K
şahidi,E
sahife,K
şahimerdan,E
şahinaz,K
şahinde,K
şahinder,K
şahine,K
şahiser,K
şahismail,E
şahiye,K
şahize,K
şahizer,K
şahmar,E
şahmettin,E
şahnuray,K
sahre,K
şahriban,K
sahriye,K
şahsene,K
şahsenem,K
şahsine,K
şahzende,K
şahziye,K
said,E
şaide,K
şaile,K
şaizer,K
sakime,K
sakip,E
salahaddin,E
salahattin,E
salahettin,E
salahittin,E
salami,E
salen,K
salha,K
şali,E
saliç,K
salice,K
salif,E
salihcan,E
salihe,K
salimet,K
saliya,K
saliye,K
salli,E
salper,E
şamazet,K
samed,E
sametcan,E
samia,K
samican,E
şamili,E
samittin,E
şammas,E
samra,K
sandra,K
şanize,K
şanli,E
sanur,K
şara,K
şarafettin,E
saray,K
sarayi,K
sargin,E
sari,E
sari,K
sarigül,K
sariye,K
sarya,K
sascha,E
satan,E
sati,E
sati,K
satia,K
satilmiş,E
şatir,E
satiye,K
satrettin,E
savci,E
şavki,E
şayda,K
sayeddin,E
sayfe,K
saygin,E
şayibe,K
sayid,E
sayile,K
sayim,E
sayime,K
sayin,E
şayip,E
şayiste,K
sayit,E
şayizar,K
sayme,K
sayre,K
sayriye,K
şayzar,K
şazie,K
şazime,K
şazimet,K
sead,E
seadet,K
sebahaddin,E
sebahatdin,E
sebahiddin,E
sebahittin,E
sebahiye,K
sebahniye,K
sebahnur,K
sebaittin,E
sebattin,E
sebaye,K
sebehat,K
sebğet,E
sebgetullah,E
sebigül,K
sebiha,K
sebihat,K
sebila,K
sebilay,K
sebir,K
sebiyha,K
sebla,K
secaattin,E
seçgin,K
seçgün,K
seçin,K
sedahat,K
sedaket,K
seday,K
sedefye,K
sedife,K
sedika,K
sedirye,K
sediye,K
sedrettin,E
sefade,K
sefadiye,K
sefagül,K
sefanur,K
sefayin,E
sefegül,K
seferiye,K
seffannur,K
şefi,E
şefie,K
şefike,K
sefil,E
sefilay,K
sefine,K
sefiyan,K
şefiye,K
sefkan,E
şefket,E
şefki,E
sefuriye,K
segah,K
şehabettin,E
şehali,E
sehel,K
sehergülü,K
şehide,K
şehinaz,K
sehirnaz,K
şehmus,E
sehne,K
şehnur,K
sehra,K
şehreban,K
şehri,K
şehristan,K
şehruban,K
şehrüzan,K
sehure,K
şehza,K
seithan,E
sejda,K
şekim,E
şekir,K
şeküre,K
sekvan,E
selahaddin,E
selahatdin,E
selahatin,E
selahattin,E
selaheddin,E
selahi,E
selahiddin,E
selahittin,E
şelale,K
selam,E
selamet,E
selamet,K
selametdin,E
selamettin,E
selami,E
selamik,E
selatin,E
selattin,E
selbi,K
selbin,K
selbinaz,K
selbiye,K
selçen,K
selçin,K
selcuk,E
selden,K
selehattin,E
selemin,E
selenay,K
selfinaz,K
selhaddin,E
seliha,K
selima,K
selimiye,K
selimşah,K
selinay,K
selincan,K
selmaye,K
selme,K
selmihan,K
selnay,K
selsebil,K
selvan,K
selvane,K
selvent,K
selver,E
selver,K
selvim,K
selvinas,K
selviye,K
semaha,K
semahir,K
semal,E
şemam,K
semat,K
sematin,E
semehet,K
semia,K
semihan,K
semihe,K
semilay,K
semina,K
semira,K
şemiran,K
şemistan,E
semiya,K
şemiye,K
semiz,K
semral,K
semran,K
semrin,K
semriye,K
şemsa,K
şemse,K
şemseddin,E
şemsihan,K
şemsinur,K
şemsittin,E
semyan,K
senadin,E
senan,E
şenbahar,K
sencar,E
sencay,E
sendur,E
şengezer,E
şenil,K
şennaz,K
şenül,K
seraceddin,E
seracettin,E
şerafeddin,E
seral,E
seral,K
şerban,K
serbent,K
sercay,E
serçim,K
serçin,E
serçin,K
serda,E
serda,K
serdaç,E
serdarbey,E
serdegül,K
serdihan,K
şerefbey,E
şerefetdin,E
şerefettin,E
serem,K
serenay,K
serep,K
serezli,E
şerfe,K
serfet,E
serfin,K
serfinaz,K
serfirat,E
sergey,E
sergünay,K
serhad,E
serhatmehmet,E
şerifegül,K
şerifnur,K
seriha,K
serihan,K
şerine,K
seriye,K
şerize,K
serkant,E
sermail,K
şerman,K
sermil,K
sermin,K
sermiye,K
serper,E
serrap,K
sertan,E
sertaş,E
servan,E
şervim,K
servin,K
serya,K
sesil,K
setenay,K
seva,K
sevban,E
sevcihan,K
sevcin,K
sevdagül,K
sevdakar,E
sevdal,K
sevdanur,K
sevdegül,K
sevdi,E
sevdinar,K
seve,K
sevgil,K
sevgin,K
sevginar,K
sevgiser,K
sevgison,K
sevgizar,K
sevgünar,K
sevibe,K
sevider,K
şevika,K
şevike,K
sevila,K
sevile,K
sevilnur,K
sevim,K
şevin,K
seviye,K
şevkan,K
şevke,K
sevkiyat,K
şevkiyet,K
sevla,K
sevlan,K
şevle,K
sevli,K
sevligül,K
sevliye,K
şevma,K
sevra,K
seyahat,K
şeyba,K
seybe,K
seycan,K
seyde,K
seydihan,E
seydiye,K
seydo,E
seydullah,E
seyfa,K
seyfeddin,E
seyfet,E
seyfetullah,E
seyfiddin,E
seyfittin,E
seyfun,K
şeyhamit,E
şeyhmus,E
şeyhmuz,E
şeyho,E
seyid,E
seyide,K
seyidhan,E
seyifali,E
seyir,E
seyitahmet,E
seyitali,E
şeyman,K
şeymanur,K
şeyme,K
şeynaz,K
seynur,K
seyra,K
şeyva,E
seyyane,K
seyyar,E
seyyat,E
seyyid,E
seyyidullah,E
sezair,E
sezaner,K
sezanur,K
sezar,E
sezayi,E
sezcan,K
sezihan,K
sezilan,K
shahram,E
siber,K
sida,K
sidar,E
sidar,K
siddi,K
siddik,E
siddika,K
side,K
sidem,K
sidik,E
sidika,E
sidika,K
sidiret,K
sidki,E
sidret,K
siğnem,K
şih,E
siham,E
şihmehmet,E
şihmus,E
sila,K
şilan,K
silanur,K
silay,E
silay,K
silma,K
silver,K
şima,K
simamperi,K
simel,K
şimet,E
simgenur,K
simla,K
simnare,K
simon,E
sinangül,K
sinanperi,K
şinay,K
sinef,K
sinemis,K
sino,E
sipan,K
şipir,K
şirinaz,K
şirinnaz,K
şirivan,K
sirma,K
sirmahan,K
sirri,E
sisan,K
sisi,K
sitdik,E
sitdika,K
sitem,E
sitem,K
siti,K
sitizübeyda,K
sitki,E
sittik,E
sittika,K
sittike,K
sitto,K
siyahi,E
siyami,E
şiyar,E
şiyar,K
siyaset,K
siyasi,E
siyen,K
şöhrat,E
solma,K
sona,K
şöret,K
sosi,K
söylemez,K
söyler,K
süheyla,E
stefan,E
stephanie,K
suad,K
suada,K
suade,K
suadiye,K
şüal,K
şuap,E
şuayb,E
şuayben,E
şuayip,E
şüayp,E
şuayüp,E
süber,K
subhani,E
subutiye,K
sücaattin,E
sücaettin,E
sucan,K
südiye,K
südriye,K
süeyla,K
sugat,E
suhal,K
süham,K
şüheda,E
şuheda,K
sühem,K
süheyda,K
suheyl,E
süheyla,K
şuhule,K
şükren,K
şükret,E
şükri,E
şükriyen,K
şükrüye,K
şüküfe,K
şükür,E
sülahi,K
sülbiye,K
sülbüye,K
şüle,K
şulehan,K
süleybe,K
süleyha,K
süleyla,K
suleyman,E
sülfidan,K
sulhattin,E
sulhuye,K
sullhattin,E
sultane,K
sultani,K
sultaniye,K
sümeray,K
sümerra,K
sümerya,K
sümeye,K
sumeyra,K
sümeyya,K
sümeyye,E
sümeyye,K
summani,E
sümra,K
sunacan,K
sündüz,K
süner,K
suphan,E
süphiye,K
supho,K
şura,K
surahanim,K
sürahi,K
suray,E
surayye,K
sürbüye,K
sürecettin,E
suret,K
sureyya,K
süreyye,K
sürhap,E
süriye,K
surreya,K
sürün,K
susam,K
susan,K
süsdem,K
süsenber,K
susin,K
süsli,K
sütya,K
şuule,K
süveyla,K
süyer,E
şüyüp,E
süzan,K
suzay,K
süzem,K
süzer,K
süziyen,K
svetlana,K
tabip,E
tabire,K
tacdin,E
taceddin,E
taciddin,E
tacider,K
tacittin,E
taçlan,K
tahayasin,E
tahide,K
tahip,E
tahsime,K
takittin,E
talan,K
talat,E
talet,E
taleyha,K
tamara,K
tamarya,K
tamcihan,K
tancu,E
tanem,K
tannur,K
tansuhan,E
tanya,K
tarfa,K
tarika,K
tarjan,E
taş,E
tasie,K
taşkin,E
taşkinege,E
tasvire,K
taumani,E
taybet,K
tayibe,K
tayip,E
tayiva,K
tayyer,E
tayyib,E
tayyibet,K
tayyübe,K
teberik,K
tefekkül,K
tefik,E
teknaz,K
telat,E
telnur,K
temami,K
temim,E
temmuz,E
temraz,E
temur,E
tenzile,K
tenzire,K
tercen,K
teslim,E
teslime,K
tesmiye,K
tevfide,K
teybet,K
teycan,K
teyfik,E
teyibe,K
teyup,E
teyyar,E
tezebey,E
timsal,K
tinmaz,E
tohit,E
tokhtaubai,E
tolğa,E
tomasz,E
topi,E
tüba,K
tübe,K
tüberk,E
tubiye,K
tuce,K
tuğbahan,K
tuğbanur,K
tuğberk,E
tuğça,K
tuğcan,E
tuğce,K
tuğçehan,K
tügen,K
tuğmen,E
tuğnil,K
tuğrulhan,E
tulay,K
tule,K
tulin,K
tülü,K
tumen,E
tüncay,E
tunçtugay,E
türab,E
turabi,E
turafiye,K
türcan,K
turcayin,K
turcein,K
turceun,K
turcihan,K
türciye,K
turğay,E
turğut,E
türkan,K
turkay,E
turkay,K
türken,K
türkşan,K
türküler,K
türkün,K
türkyilmaz,E
turnel,K
tursun,E
tursun,K
tutkucan,K
tüzen,K
tüzin,K
tzemile,K
ubeyit,E
üçler,E
ufeyra,K
uğraş,E
ugur,E
uğurkan,E
uhut,E
ükke,K
ülbiye,K
ülfani,E
ülfiye,K
ülgar,K
ülkay,K
ülki,E
ülki,K
ülkinar,K
ülkiye,K
ülküme,K
ülküsen,K
ülmiye,K
ülvi,E
ülviye,K
ülya,K
umahan,K
ümeysa,K
ümgül,K
ümithan,E
ümmahan,K
ummahani,K
ummani,K
ümmehan,K
ümmen,K
ümmihan,K
ümmü,K
ümmügül,K
ümmügülsüm,K
ümmügülsün,K
ümmuhan,K
ummuhani,K
ümmülü,K
ümmünihan,K
ümmüran,K
ümmüşan,K
ümmüsü,K
ümmüsün,K
ümmüye,K
umran,K
ümray,K
ümre,K
ümşan,K
ümsel,K
ümügül,K
umuhan,K
ümülgülsüm,K
umurhan,E
ümüş,K
umuşan,K
ümüşen,K
ümüsün,K
ümüt,E
ümüt,K
umutcan,E
ünlühan,K
unur,E
ünzüle,K
urakkuş,K
urartu,E
ürfet,E
ürfet,K
ürfettin,E
ürfi,E
urkiya,K
urkiye,K
urkuş,K
ürküye,K
uruç,K
ürüşan,K
üryan,E
üsame,E
usamettin,E
useme,E
üseyin,E
üseyt,E
utkucan,E
üveyda,K
üveyis,E
uyanser,K
uyariş,E
üzeme,K
üzeybe,K
üzlife,K
uzlufe,K
üzüme,K
uğur,E
vadedin,E
vadha,K
vahdeddin,E
vahdi,E
vaide,K
vali,E
validiye,K
vargin,E
varlik,K
vasif,E
vasile,K
vasiyle,K
vatangül,K
vaysal,E
vecdan,E
veciben,K
vecide,K
veciye,K
vedad,E
vediha,K
vehide,K
vehiye,K
veis,E
vejdi,E
velaattin,E
velat,E
velattin,E
velitdin,E
velittin,E
verdal,K
verde,K
verdi,K
verdiat,E
vesile,K
vesiyle,K
vesme,K
vethan,K
veysal,E
veyseddin,E
veysiye,K
vezat,E
vezir,E
veznegül,K
vezrife,K
vicidan,K
vidat,K
vidayet,K
videt,K
vige,K
vijdan,K
vilayet,K
vildane,K
viyan,K
wioletta,K
wojciech,E
yadigar,E
yadigar,K
yadikar,E
yadikar,K
yadiker,K
yadin,E
yağfes,E
yağiz,E
yağizcan,E
yakub,E
yalçin,E
yalçinkaya,E
yalgin,E
yalim,E
yalin,E
yamin,E
yanki,E
yanki,K
yansi,E
yardim,E
yaren,K
yarkin,E
yaşaddin,E
yaşagül,K
yasal,E
yaşariye,K
yaşarnuri,E
yaşat,E
yaşattin,E
yaşegül,K
yasemen,K
yasevil,K
yasime,K
yasir,E
yasmin,K
yavize,K
yaze,K
yazgi,K
yazi,K
yeda,E
yekbun,K
yekcan,E
yekda,E
yektacan,E
yelim,K
yelis,K
yelsu,K
yemliha,E
yeniay,K
yerkyegul,K
yerkyejan,K
yeşer,K
yeşeren,K
yeşilay,K
yesire,K
yeteriye,K
yetgin,E
yigit,E
yiğitalp,E
yigitcan,E
yigiter,E
yihya,E
yilay,E
yildan,K
yildir,E
yildiran,E
yildiray,E
yildiray,K
yildirim,E
yildiz,E
yildiz,K
yilmaz,E
yilmaz,K
yonis,E
yonus,E
yosif,E
yudum,K
yunis,E
yunise,K
yünüs,E
yunusemre,E
yurda,E
yurda,K
yurdun,E
yurtsenin,E
yuşa,E
yusna,K
yüsra,K
yüsuf,E
yusufhan,E
zadife,K
zafercan,E
zafiye,K
zahfer,K
zahi,E
zahid,E
zahtinur,K
zahure,K
zakine,K
zale,K
zaliha,E
zaliha,K
zana,E
zari,E
zariye,K
zayide,K
zebirce,K
zede,K
zedef,K
zeha,K
zeher,K
zehide,K
zehni,E
zehni,K
zehniye,K
zehragül,K
zehranur,K
zehre,K
zekai,E
zekariya,E
zekariye,E
zekayi,E
zekeriye,E
zekeriyya,E
zekerya,E
zekine,K
zeko,K
zelal,K
zelen,K
zeleyha,K
zelha,K
zelife,K
zelihan,K
zelihe,K
zelika,K
zemhanur,K
zemide,K
zemine,K
zemirhan,E
zemiya,K
zemzema,K
zemzeme,K
zenibe,K
zenife,K
zennun,E
zennure,K
zennuriye,K
zenure,K
zercan,K
zerdi,K
zere,K
zerfinaz,K
zerga,K
zeride,K
zerife,K
zero,K
zeruk,K
zevcan,K
zevlüde,K
zeydan,E
zeydin,E
zeyican,K
zeynal,E
zeynalabidin,E
zeynap,K
zeyneb,K
zeynebe,K
zeynet,K
zeyneti,K
zeynettin,E
zeynettin,K
zeynittin,E
zeytin,K
zeytun,K
zeyyad,E
zhamshitbek,E
zihnet,K
zihrelcebin,K
zihriye,K
zikret,K
zilfa,K
zilfi,K
zilha,K
zilife,K
zimet,K
zineti,K
zini,K
zinnet,K
zinnete,K
zino,K
zivre,K
ziyacan,E
ziyaddin,E
ziyafer,E
ziyafettin,E
ziyaittin,E
ziyamet,K
ziyattin,E
ziyettin,E
zöhra,K
zöhre,K
zöhrehan,K
zöhtü,E
zozan,K
zübede,K
züberbariş,E
zübeybe,K
zübeyda,K
zubeyde,K
zübeyir,E
zübeyra,K
zübüde,K
züeyda,K
züfer,E
zuhal,K
zuhat,E
zühdü,E
zühel,K
züheyla,E
züheyla,K
zuhra,K
zühriye,K
zührü,K
zuka,K
zülahi,K
zülal,K
zülale,K
zülay,K
zülbiya,K
zülbiye,K
zülfinaz,K
zulfiye,K
zülfizer,K
zülfükar,E
zülgarni,E
zulihe,K
zülkade,K
zülkar,E
zülkarneyin,E
zülker,E
zümbül,K
zümrah,K
zümral,K
zümran,K
zümray,K
zümre,K
zümrete,K
zumrettar,K
zümriye,K
zümrüye,K
züray,E
zürbiye,K
zürha,K
züriye,K
zürtüllah,E
zürüye,K
